,x13,x13,x13,x13,x13,tramoseats,tramoseats,tramoseats,tramoseats,tramoseats,difference,difference,difference,difference,difference
component,y,sa,t,s,i,y,sa,t,s,i,y,sa,t,s,i
date,,,,,,,,,,,,,,,
2010-01-01,111.81457786987849,118.39908327951218,119.13841530010427,-6.584505409633685,-0.7393320205920872,111.81457786987849,118.63016254302786,119.75255128060373,-6.8155846731493686,-1.1223887375758608,0.0,-0.23107926351568153,-0.6141359804994551,0.2310792635156833,0.3830567169837735
2010-02-01,117.03917557247287,120.2717484498591,119.55218229214739,-3.232572877386235,0.7195661577117107,117.03917557247287,120.75924439330079,120.03615946764032,-3.720068820827924,0.7230849256604728,0.0,-0.48749594344168656,-0.4839771754929245,0.4874959434416888,-0.003518767948762047
2010-03-01,118.96134653987319,120.06930433185202,119.94265946888842,-1.107957791978836,0.12664486296360167,118.96134653987319,120.50021078303148,120.30760833904782,-1.5388642431582906,0.19260244398365955,0.0,-0.43090645117945314,-0.36494887015939526,0.4309064511794547,-0.06595758102005789
2010-04-01,121.78440995746743,119.71138631306286,120.3668381372246,2.073023644404565,-0.6554518241617444,121.78440995746743,119.43826306674988,120.58375850954731,2.346146890717545,-1.1454954427974258,0.0,0.27312324631297713,-0.21692037232270422,-0.27312324631298024,0.49004361863568136
2010-05-01,127.02087187830787,121.14062757158021,120.78727042153614,5.880244306727665,0.35335715004407575,127.02087187830787,121.82970062727621,120.90401848321432,5.191171251031663,0.925682144061895,0.0,-0.6890730556959994,-0.11674806167818019,0.6890730556960021,-0.5723249940178192
2010-06-01,128.08178941735858,120.87220756108805,121.17970444996902,7.209581856270537,-0.30749688888097637,128.08178941735858,120.49517523002692,121.23012894867134,7.586614187331669,-0.7349537186444195,0.0,0.3770323310611303,-0.0504244987023128,-0.3770323310611321,0.4274568297634431
2010-07-01,130.7858664652614,122.48980817265188,121.54759532442081,8.296058292609516,0.9422128482310654,130.7858664652614,122.33031693975924,121.54992276979283,8.45554952550215,0.7803941699664136,0.0,0.15949123289263412,-0.002327445372017678,-0.15949123289263412,0.1618186782646518
2010-08-01,125.70460175827459,121.03494551938883,121.95739312226937,4.669656238885764,-0.9224476028805384,125.70460175827459,120.59220852916313,121.89096908336572,5.112393229111455,-1.2987605542025875,0.0,0.442736990225697,0.0664240389036479,-0.4427369902256908,0.3763129513220491
2010-09-01,123.92531152891931,123.96777961134288,122.4175289232648,-0.04246808242357369,1.55025068807808,123.92531152891931,123.14202970985588,122.2730126616959,0.7832818190634296,0.869017048159975,0.0,0.8257499014870007,0.14451626156889574,-0.8257499014870033,0.6812336399181049
2010-10-01,119.58953246254414,121.56240413910821,122.87461152763291,-1.9728716765640688,-1.3122073885246976,119.58953246254414,121.61512748022801,122.69012388073938,-2.0255950176838735,-1.0749964005113668,0.0,-0.05272334111980115,0.1844876468935297,0.0527233411198047,-0.23721098801333085
2010-11-01,117.52433846274928,123.26334786040931,123.3489395346449,-5.7390093976600225,-0.08559167423558733,117.52433846274928,123.16093787683894,123.15993504055318,-5.636599414089659,0.0010028362857639195,0.0,0.10240998357036801,0.18900449409171927,-0.10240998357036357,-0.08659451052135125
2010-12-01,114.64085204690552,124.04451521112495,123.78790310919115,-9.403663164219418,0.256612101933797,114.64085204690552,124.38073183106623,123.63660401309804,-9.739879784160712,0.7441278179681916,0.0,-0.3362166199412826,0.15129909609311198,0.33621661994129326,-0.4875157160343946
2011-01-01,118.05392396969437,124.6807973688971,124.12647156622864,-6.62687339920274,0.5543258026684583,118.05392396969437,124.86671566936052,124.01564312195595,-6.812791699666152,0.85107254740457,0.0,-0.1859183004634133,0.11082844427269833,0.1859183004634124,-0.2967467447361116
2011-02-01,120.45565507660099,123.69369850214078,124.33773596300695,-3.2380434255397894,-0.6440374608661728,120.45565507660099,124.1781612491769,124.2895920415349,-3.7225061725759043,-0.11143079235800712,0.0,-0.4844627470361189,0.04814392147204671,0.4844627470361149,-0.5326066685081656
2011-03-01,123.50272300464813,124.64018219365087,124.446333748215,-1.1374591890027421,0.19384844543587576,123.50272300464813,125.04259028194052,124.50314366795509,-1.5398672772923871,0.539446613985433,0.0,-0.402408088289647,-0.056809919740089754,0.402408088289645,-0.34559816854955727
2011-04-01,127.01579441609638,124.98096062745911,124.54810759379859,2.034833788637274,0.4328530336605212,127.01579441609638,124.6661563498697,124.67346582362171,2.3496380662266882,-0.007309473752016515,0.0,0.31480427758941687,-0.12535822982312084,-0.3148042775894142,0.4401625074125377
2011-05-01,129.77444234404496,123.88509513236865,124.68768775284639,5.889347211676303,-0.8025926204777392,129.77444234404496,124.58601805014216,124.83148048571991,5.188424293902797,-0.24546243557774972,0.0,-0.7009229177735108,-0.14379273287352135,0.7009229177735063,-0.5571301848999894
2011-06-01,132.5020436304712,125.25153101546097,124.91029124001481,7.250512615010232,0.34123977544615514,132.5020436304712,124.91293434529254,125.01581718275494,7.589109285178662,-0.10288283746240268,0.0,0.3385966701684282,-0.10552594274012961,-0.33859667016843,0.4441226129085578
2011-07-01,133.10169489653754,124.85354081037687,125.17464798174642,8.248154086160671,-0.3211071713695475,133.10169489653754,124.64829544819483,125.24134372520288,8.453399448342715,-0.5930482770080516,0.0,0.20524536218204048,-0.06669574345646367,-0.20524536218204403,0.27194110563850415
2011-08-01,132.02902936676443,127.23638359244654,125.45260950521079,4.792645774317893,1.7837740872357557,132.02902936676443,126.91318353521717,125.45798540140046,5.11584583154726,1.4551981338167082,0.0,0.3232000572293714,-0.005375896189676155,-0.32320005722936695,0.32857595341904755
2011-09-01,125.63502293592317,125.6213037880117,125.73712081679643,0.013719147911477936,-0.11581702878473266,125.63502293592317,124.85412400236494,125.61381220596168,0.780898933558233,-0.7596882035967383,0.0,0.7671797856467606,0.12330861083475497,-0.767179785646755,0.6438711748120056
2011-10-01,124.1355328826078,126.17395346218397,126.00041981072303,-2.0384205795761714,0.1735336514609429,124.1355328826078,126.15788188025476,125.75837008061633,-2.022348997646958,0.3995117996384323,0.0,0.016071581929210765,0.24204973010670017,-0.01607158192921343,-0.2259781481774894
2011-11-01,118.48369406242706,124.22712421144982,126.21844165264835,-5.74343014902276,-1.9913174411985324,118.48369406242706,124.11954937355455,125.98523385225403,-5.635855311127493,-1.8656844786994782,0.0,0.107574837895271,0.2332078003943252,-0.10757483789526745,-0.1256329624990542
2011-12-01,116.82046525834825,126.19566977100362,126.45728264822155,-9.375204512655365,-0.26161287721792803,116.82046525834825,126.56375341401298,126.34093976089221,-9.743288155664724,0.22281365312076673,0.0,-0.36808364300935636,0.1163428873293384,0.36808364300935814,-0.48442653033869476
2012-01-01,120.65442479019485,127.34081773185012,126.75573676842411,-6.686392941655269,0.5850809634260088,120.65442479019485,127.46702192920705,126.72820773667124,-6.812597139012201,0.7388141925358127,0.0,-0.12620419735692678,0.02752903175287713,0.1262041973569321,-0.15373322910980391
2012-02-01,123.50987659874359,126.7782491865421,127.08280865375187,-3.268372587798509,-0.3045594672097707,123.50987659874359,127.23550356872424,127.0437180897941,-3.7256269699806532,0.19178547893014297,0.0,-0.45725438218214265,0.039090563957770996,0.4572543821821444,-0.49634494613991365
2012-03-01,125.53030620395644,126.71848753033315,127.40654412874468,-1.1881813263767078,-0.688056598411535,125.53030620395644,127.0729971200651,127.31561462279305,-1.5426909161086473,-0.24261750272795268,0.0,-0.354509589731947,0.09092950595163529,0.35450958973193947,-0.4454390956835823
2012-04-01,130.42381839044006,128.37633021973213,127.61824335440333,2.0474881707079384,0.7580868653287922,130.42381839044006,128.07064767372685,127.56464827426963,2.353170716713204,0.5059993994572238,0.0,0.3056825460052721,0.05359508013370373,-0.30568254600526545,0.2520874658715684
2012-05-01,134.1905231517779,128.3122339486056,127.72463814314695,5.878289203172302,0.5875958054586619,134.1905231517779,129.00522541859235,127.72456640394344,5.185297733185566,1.2806590146489043,0.0,-0.6929914699867368,7.173920350567187e-05,0.6929914699867359,-0.6930632091902424
2012-06-01,134.563239122734,127.27463205047431,127.79557079657347,7.288607072259676,-0.5209387460991621,134.563239122734,126.97052942847809,127.79230141947608,7.5927096942559,-0.8217719909979877,0.0,0.30410262199622196,0.0032693770973963865,-0.30410262199622373,0.30083324489882557
2012-07-01,136.26050098039875,128.05760803707057,127.9209077680905,8.202892943328166,0.13670026898006427,136.26050098039875,127.80728246003267,127.87234671996231,8.453218520366072,-0.06506425992964182,0.0,0.2503255770378985,0.0485610481281924,-0.2503255770379056,0.2017645289097061
2012-08-01,132.5493544554644,127.66724670861947,128.15023373048945,4.882107746844925,-0.4829870218699739,132.5493544554644,127.43225699074492,128.02522052537427,5.117097464719478,-0.592963534629348,0.0,0.23498971787455503,0.12501320511518088,-0.23498971787455325,0.10997651275937415
2012-09-01,127.77250578828948,127.68966738525681,128.46014005277397,0.08283840303266428,-0.7704726675171543,127.77250578828948,126.99082312024768,128.29118981763264,0.7816826680417976,-1.300366697384959,0.0,0.6988442650091287,0.1689502351413239,-0.6988442650091333,0.5298940298678048
2012-10-01,127.84921004993876,129.92984082866,128.83731040405274,-2.080630778721243,1.0925304246072471,127.84921004993876,129.86900671530887,128.63501613831153,-2.019796665370114,1.2339905769973427,0.0,0.06083411335112032,0.2022942657412159,-0.06083411335112876,-0.14146015239009557
2012-11-01,123.73685108571554,129.4613254923435,129.21066552364826,-5.724474406627959,0.2506599686952313,123.73685108571554,129.36703508717025,128.91438382361412,-5.630184001454695,0.4526512635561346,0.0,0.09429040517323983,0.2962817000341431,-0.09429040517326381,-0.20199129486090328
2012-12-01,119.91315890570296,129.25590177544436,129.4615381210012,-9.342742869741398,-0.2056363455568544,119.91315890570296,129.66119641355183,129.07298426981623,-9.748037507848885,0.5882121437356034,0.0,-0.40529463810747757,0.3885538511849802,0.40529463810748645,-0.7938484892924578
2013-01-01,122.76747573257666,129.511439405655,129.59932428856868,-6.743963673078356,-0.08788488291367003,122.76747573257666,129.58248997748314,129.13949448188697,-6.815014244906493,0.4429954955961648,0.0,-0.07105057182812402,0.4598298066817108,0.07105057182813734,-0.5308803785098348
2013-02-01,124.14436871226057,127.46289596512247,129.68361864486886,-3.3185272528619025,-2.2207226797463875,124.14436871226057,127.87329349637184,129.19481065742465,-3.7289247841112747,-1.3215171610528103,0.0,-0.41039753124937306,0.4888079874442042,0.41039753124937217,-0.8992055186935772
2013-03-01,128.94604816379265,130.18423813993306,129.76924164308102,-1.2381899761403985,0.41499649685204076,128.94604816379265,130.4921571209866,129.27955858614638,-1.546108957193941,1.2125985348402253,0.0,-0.30791898105354676,0.48968305693463776,0.30791898105354254,-0.7976020379881845
2013-04-01,131.86897053602067,129.7886629546313,129.91449407047705,2.080307581389375,-0.1258311158457559,131.86897053602067,129.51380549951304,129.322914671977,2.3551650365076204,0.19089082753603748,0.0,0.27485745511825144,0.5915793985000448,-0.2748574551182452,-0.3167219433817934
2013-05-01,132.58479972276325,126.72244955196291,130.09706584014515,5.862350170800338,-3.3746162881822386,132.58479972276325,127.40481955969632,129.38812863238118,5.179980163066929,-1.983309072684861,0.0,-0.6823700077334109,0.7089372077639666,0.6823700077334083,-1.3913072154973776
2013-06-01,138.18559489436342,130.87220616890653,130.23890889925553,7.3133887254569006,0.6332972696509955,138.18559489436342,130.58719806261792,129.55698625175825,7.5983968317454975,1.0302118108596687,0.0,0.2850081062886147,0.6819226474972879,-0.28500810628859696,-0.3969145412086732
2013-07-01,138.26242656157035,130.1045606174059,130.31803707158113,8.15786594416446,-0.21347645417523609,138.26242656157035,129.80886888015527,129.72507462950648,8.453557681415084,0.08379425064879342,0.0,0.29569173725062114,0.5929624420746507,-0.2956917372506247,-0.2972707048240295
2013-08-01,135.46040278213567,130.5416310663834,130.29818711654158,4.918771715752285,0.2434439498418044,135.46040278213567,130.34115419664084,129.8236881851555,5.11924858549484,0.5174660114853395,0.0,0.20047686974254475,0.4744989313860799,-0.2004768697425554,-0.27402206164353515
2013-09-01,130.4337632966968,130.28201914924304,130.1884141257051,0.1517441474537704,0.09360502353794686,130.4337632966968,129.64717823970207,129.87995253043755,0.7865850569947496,-0.2327742907354775,0.0,0.6348409095409693,0.3084615952675449,-0.6348409095409792,0.32637931427342437
2013-10-01,127.94988696806762,130.0434507721978,130.06195371458054,-2.093563804130175,-0.018502942382752963,127.94988696806762,129.9701762651131,129.92935992054467,-2.020289297045486,0.040816344568440854,0.0,0.07327450708467609,0.1325937940358699,-0.07327450708468897,-0.05931928695119382
2013-11-01,124.29259123943517,129.9559825426712,129.96320566061337,-5.663391303236028,-0.007223117942174895,124.29259123943517,129.91707990398203,129.98718600320743,-5.624488664546874,-0.07010609922539857,0.0,0.03890263868916577,-0.023980342594057902,-0.03890263868915422,0.06288298128322367
2013-12-01,120.2685769834785,129.63260773073623,129.97743424573014,-9.364030747257742,-0.3448265149939118,120.2685769834785,130.02282647897462,130.0577246439552,-9.754249495496117,-0.034898164980575075,0.0,-0.39021874823839653,-0.08029039822505979,0.3902187482383752,-0.30992835001333674
2014-01-01,122.20722499357255,128.95108616721606,130.11954762529643,-6.743861173643511,-1.1684614580803725,122.20722499357255,129.02584305232946,130.18550616264858,-6.818618058756924,-1.1596631103191157,0.0,-0.07475688511340195,-0.06595853735214519,0.07475688511341261,-0.008798347761256764
2014-02-01,127.41944589165624,130.79677648144337,130.32999762004383,-3.377330589787129,0.46677886139954694,127.41944589165624,131.14876480091246,130.3740560353104,-3.7293189092562344,0.774708765602071,0.0,-0.35198831946908626,-0.04405841526656218,0.35198831946910536,-0.3079299042025241
2014-03-01,129.52788925982333,130.82521523236417,130.561303134991,-1.2973259725408575,0.2639120973731792,129.52788925982333,131.08078142858105,130.52879572202815,-1.5528921687577282,0.5519857065528981,0.0,-0.2555661962168756,0.03250741296284332,0.2555661962168707,-0.2880736091797189
2014-04-01,132.41466965367113,130.2799374379452,130.75563380146212,2.134732215725926,-0.47569636351693134,132.41466965367113,130.05812436808728,130.62581001096288,2.356545285583848,-0.5676856428756025,0.0,0.22181306985791593,0.12982379049924475,-0.2218130698579217,0.09198927935867118
2014-05-01,137.2162294604984,131.4110428947545,130.86537101411864,5.8051865657438935,0.5456718806358651,137.2162294604984,132.03762052504027,130.67790151290632,5.17860893545812,1.3597190121339509,0.0,-0.626577630285766,0.18746950121231976,0.6265776302857731,-0.8140471314980857
2014-06-01,137.9177377329392,130.565156120676,130.8769114359838,7.352581612263211,-0.3117553153078063,137.9177377329392,130.3157514991574,130.65605454757855,7.601986233781822,-0.34030304842116266,0.0,0.24940462151860743,0.22085688840525108,-0.24940462151861098,0.028547733113356344
2014-07-01,138.8502531068464,130.77345643753176,130.81508832230372,8.076796669314627,-0.04163188477195945,138.8502531068464,130.39590422771929,130.60986134321917,8.454348879127114,-0.2139571154998805,0.0,0.37755220981247817,0.20522697908455712,-0.37755220981248705,0.17232523072792105
2014-08-01,136.02276187833218,131.05841763976343,130.74335548147172,4.964344238568733,0.3150621582917097,136.02276187833218,130.90214761634428,130.57746150159298,5.120614261987901,0.3246861147513016,0.0,0.15627002341915386,0.16589397987874577,-0.15627002341916807,-0.00962395645959191
2014-09-01,130.98327123180692,130.7690189868526,130.71887139138425,0.21425224495432804,0.050147595468331474,130.98327123180692,130.18996998814848,130.548304217614,0.7933012436584495,-0.35833422946552673,0.0,0.5790489987041099,0.17056717377025166,-0.5790489987041214,0.4084818249338582
2014-10-01,128.16593936285875,130.23534097423013,130.76890459341644,-2.069401611371378,-0.5335636191863102,128.16593936285875,130.18695496485495,130.55109455582175,-2.0210156019961945,-0.3641395909668006,0.0,0.048386009375178674,0.2178100375946883,-0.04838600937518356,-0.16942402821950964
2014-11-01,125.24580890026486,130.8320670940831,130.87841125804468,-5.58625819381824,-0.04634416396157803,125.24580890026486,130.8645048244454,130.5944066078627,-5.618695924180518,0.2700982165826815,0.0,-0.032437730362289585,0.28400465018196996,0.03243773036227804,-0.31644238054425955
2014-12-01,119.5418483019514,128.93619630654553,130.99892587451006,-9.39434800459413,-2.0627295679645385,119.5418483019514,129.30178462211626,130.697028478723,-9.75993632016486,-1.3952438566067542,0.0,-0.3655883155707329,0.30189739578705144,0.36558831557072935,-0.6674857113577843
2015-01-01,124.68883986405798,131.44997797142963,131.07625551342718,-6.761138107371649,0.3737224580024474,124.68883986405798,131.5084671358522,130.8732759897488,-6.819627271794193,0.6351911461033808,0.0,-0.058489164422553586,0.2029795236783798,0.058489164422543816,-0.2614686881009334
2015-02-01,128.00552832330266,131.4152655577842,131.09443418363392,-3.4097372344815637,0.32083137415028773,128.00552832330266,131.73724058723226,131.0261913747288,-3.7317122639295977,0.7110492125034682,0.0,-0.3219750294480548,0.06824280890512568,0.3219750294480339,-0.39021783835318047
2015-03-01,129.6419489509899,131.0218142754284,131.07300263659437,-1.3798653244385028,-0.05118836116596981,129.6419489509899,131.20397033198273,131.09512924658202,-1.5620213809928287,0.10884108540071225,0.0,-0.18215605655433365,-0.02212660998765159,0.18215605655432587,-0.16002944656668205
2015-04-01,132.60527106344873,130.43427716980673,131.0823205525338,2.1709938936419944,-0.6480433827270531,132.60527106344873,130.24572616121498,131.15884742048195,2.3595449022337647,-0.9131212592669726,0.0,0.18855100859175877,-0.07652686794816077,-0.18855100859177032,0.26507787653991954
2015-05-01,136.90741148108353,131.17444079429498,131.176155171535,5.732970686788546,-0.0017143772400061152,136.90741148108353,131.7332552687136,131.26986695686278,5.17415621236993,0.46338831185082086,0.0,-0.5588144744186252,-0.09371178532779822,0.5588144744186163,-0.46510268909082697
2015-06-01,138.88275541240066,131.48152425357878,131.31440985793293,7.40123115882186,0.16711439564585362,138.88275541240066,131.27683799512346,131.39391504288847,7.605917417277199,-0.11707704776500805,0.0,0.2046862584553253,-0.07950518495553638,-0.2046862584553395,0.28419144341086167
2015-07-01,139.22954688457534,131.21837302888045,131.46254966475496,8.011173855694897,-0.24417663587450988,139.22954688457534,130.77378700069264,131.54503487851716,8.455759883882708,-0.7712478778245213,0.0,0.444586028187814,-0.08248521376219742,-0.44458602818781046,0.5270712419500114
2015-08-01,137.28703691232482,132.26968612926598,131.56471896218267,5.017350783058843,0.7049671670833106,137.28703691232482,132.16652852953504,131.73335619398108,5.120508382789785,0.4331723355539623,0.0,0.10315759973093463,-0.16863723179841372,-0.10315759973094174,0.27179483152934836
2015-09-01,134.76970300075018,134.48446010776888,131.57041550780008,0.28524289298130756,2.914044599968804,134.76970300075018,133.9696402974531,131.82473068949395,0.8000627032970808,2.144909607959164,0.0,0.5148198103157711,-0.2543151816938689,-0.5148198103157733,0.76913499200964
2015-10-01,128.85959856351002,130.89926843786267,131.49907260550432,-2.039669874352667,-0.5998041676416506,128.85959856351002,130.87959536931902,131.7645482322248,-2.0199968058090008,-0.8849528629057772,0.0,0.01967306854365347,-0.2654756267204732,-0.01967306854366635,0.2851486952641267
2015-11-01,125.11048249998449,130.57689431776268,131.42450208452294,-5.46641181777819,-0.8476077667602624,125.11048249998449,130.72315398727815,131.71714369521484,-5.61267148729368,-0.9939897079366915,0.0,-0.14625966951547298,-0.2926416106919021,0.14625966951548985,0.1463819411764291
2015-12-01,123.04893606887816,132.5290332046909,131.40932244324384,-9.48009713581273,1.1197107614470667,123.04893606887816,132.81085169763077,131.73873760467808,-9.76191562875261,1.0721140929526882,0.0,-0.2818184929398626,-0.3294151614342411,0.2818184929398786,0.04759666849437849
2016-01-01,124.08094828143243,130.88200365939235,131.4882491062947,-6.801055377959919,-0.6062454469023351,124.08094828143243,130.90201751150087,131.7621151532744,-6.82106923006844,-0.8600976417735353,0.0,-0.02001385210851936,-0.2738660469797196,0.020013852108521135,0.25385219487120025
2016-02-01,128.06015187585325,131.5049237709622,131.6598488051773,-3.4447718951089517,-0.15492503421509696,128.06015187585325,131.7962170293798,131.812015782632,-3.7360651535265355,-0.015798753252198594,0.0,-0.29129325841759623,-0.15216697745469787,0.2912932584175838,-0.13912628096289836
2016-03-01,130.57507549163793,132.03586636617536,131.91050812207948,-1.4607908745374303,0.12535824409587804,130.57507549163793,132.14702675556475,131.885805394697,-1.571951263926823,0.2612213608677507,0.0,-0.1111603893893971,0.024702727382475587,0.11116038938939266,-0.13586311677187268
2016-04-01,134.40229674163683,132.17593149529975,132.1977768210181,2.226365246337081,-0.02184532571834552,134.40229674163683,132.03724129462262,131.94483829443178,2.3650554470142255,0.09240300019084202,0.0,0.13869020067713222,0.25293852658631977,-0.13869020067714466,-0.11424832590918754
2016-05-01,135.9062563433601,130.2629700628596,132.5000960778945,5.643286280500493,-2.237126015034903,135.9062563433601,130.73793778755729,132.04222161576934,5.168318555802803,-1.30428382821205,0.0,-0.47496772469767734,0.4578744621251758,0.4749677246976898,-0.9328421868228531
2016-06-01,140.5092278959866,133.05684069153227,132.77342336729296,7.452387204454326,0.2834173242393092,140.5092278959866,132.8995012425111,132.21293321165263,7.609726653475516,0.6865680308584672,0.0,0.1573394490211797,0.5604901556403377,-0.15733944902118946,-0.403150706619158
2016-07-01,140.67034096968808,132.69670365865755,132.9471176470202,7.973637311030517,-0.25041398836265216,140.67034096968808,132.21151667291397,132.3912246799125,8.458824296774118,-0.1797080069985384,0.0,0.48518698574358154,0.5558929671076953,-0.4851869857436011,-0.07070598136411377
2016-08-01,138.48071802759137,133.39000550656687,132.96705112587364,5.090712521024507,0.422954380693227,138.48071802759137,133.362381761208,132.5191848058089,5.1183362663833485,0.8431969553991223,0.0,0.027623745358852148,0.44786632006474747,-0.02762374535884149,-0.4202425747058953
2016-09-01,133.29787664215584,132.9368795788247,132.89206261499945,0.3609970633311598,0.04481696382524092,133.29787664215584,132.49677445799313,132.58525817725956,0.8011021841627052,-0.08848371926643495,0.0,0.4401051208315607,0.30680443773988486,-0.4401051208315454,0.13330068309167586
2016-10-01,130.53370246316157,132.57412245287364,132.74268061285161,-2.040419989712051,-0.16855815997797663,130.53370246316157,132.55032327806413,132.6227988031947,-2.0166208149025624,-0.07247552513058508,0.0,0.023799174809511214,0.11988180965690276,-0.023799174809488566,-0.09608263484739155
2016-11-01,127.13983021096458,132.5134952300617,132.57897139995694,-5.373665019097121,-0.0654761698952484,127.13983021096458,132.74396650897745,132.66223565297668,-5.604136298012874,0.08173085600077457,0.0,-0.2304712789157577,-0.08326425301973472,0.23047127891575325,-0.14720702589602297
2016-12-01,123.00240132990197,132.55036930588534,132.5069004922667,-9.547967975983378,0.043468813618630975,123.00240132990197,132.76823965895645,132.697424106184,-9.765838329054482,0.07081555277244433,0.0,-0.21787035307110614,-0.19052361391729278,0.21787035307110436,-0.02734673915381336
2017-01-01,125.51386512529092,132.3341595518181,132.5513103861731,-6.820294426527159,-0.21715083435501015,125.51386512529092,132.33386847259735,132.7415710726379,-6.820003347306413,-0.40770260004055103,0.0,0.00029107922074445014,-0.19026068646479644,-0.0002910792207462265,0.19055176568554089
2017-02-01,129.25633734193826,132.73759374284228,132.70326755693372,-3.4812564009040274,0.03432618590855441,129.25633734193826,132.99688574356372,132.81324025414662,-3.740548401625449,0.18364548941710268,0.0,-0.25929200072144454,-0.10997269721289626,0.25929200072142145,-0.14931930350854827
2017-03-01,130.29838807566455,131.88226707204686,132.89668776659255,-1.5838789963823117,-1.0144206945456915,130.29838807566455,131.88004870368272,132.9371074257592,-1.5816606280181604,-1.0570587220764764,0.0,0.002218368364140133,-0.040419659166644806,-0.0022183683641512353,0.04263802753078494
2017-04-01,135.80462024531033,133.52415729872502,133.05922074439172,2.2804629465853226,0.46493655433329195,135.80462024531033,133.43382408499184,133.12331705654353,2.3707961603184806,0.31050702844831335,0.0,0.09033321373317449,-0.06409631215180411,-0.09033321373315806,0.1544295258849786
2017-05-01,139.63110196326969,134.0459410133868,133.18118277428667,5.585160949882882,0.8647582391001265,139.63110196326969,134.46589576604813,133.2805838161708,5.165206197221538,1.185311949877331,0.0,-0.4199547526613401,-0.09940104188413557,0.41995475266134363,-0.3205537107772045
2017-06-01,140.1197473763559,132.64610898135538,133.2808956601026,7.473638395000495,-0.6347866787472185,140.1197473763559,132.50765960243803,133.36998258966884,7.612087773917865,-0.8623229872308116,0.0,0.13844937891735754,-0.08908692956623554,-0.13844937891736997,0.22753630848359307
2017-07-01,141.73872882573318,133.73899201809638,133.42043442387057,7.999736807636799,0.3185575942258083,141.73872882573318,133.27586391744006,133.48912047112913,8.46286490829312,-0.21325655368906382,0.0,0.46312810065631993,-0.06868604725855221,-0.4631281006563217,0.5318141479148721
2017-08-01,137.97151642753158,132.85097020528607,133.66687643156007,5.12054622224552,-0.8159062262739951,137.97151642753158,132.8578671788,133.7020175413844,5.113649248731565,-0.8441503625844007,0.0,-0.0068969735139319255,-0.03514110982433749,0.006896973513955018,0.028244136310405565
2017-09-01,134.71074931488127,134.2628690393745,134.02526893022767,0.44788027550677684,0.2376001091468254,134.71074931488127,133.90991934983325,134.00581209128265,0.8008299650480379,-0.09589274144940418,0.0,0.35294968954124784,0.019456838945018262,-0.3529496895412611,0.3334928505962296
2017-10-01,132.32728983886918,134.4147666061176,134.45263790749996,-2.0874767672484413,-0.03787130138235284,132.32728983886918,134.3404874430379,134.35731003698845,-2.0131976041687007,-0.016822593950564624,0.0,0.07427916307972282,0.09532787051151104,-0.07427916307974058,-0.021048707431788216
2017-11-01,129.590119685504,134.841680528322,134.85425986386008,-5.251560842818013,-0.012579335538077885,129.590119685504,135.18611404106545,134.69135644940292,-5.595994355561452,0.49475759166253397,0.0,-0.3444335127434499,0.16290341445716194,0.34443351274343925,-0.5073369272006119
2017-12-01,126.01798400766457,135.62058077124257,135.12461052155072,-9.602596763578006,0.495970249691851,126.01798400766457,135.7891822177592,134.94329836620045,-9.771198210094635,0.8458838515587388,0.0,-0.16860144651661813,0.18131215535026968,0.16860144651662878,-0.3499136018668878
2018-01-01,128.52147778470356,135.2835907788679,135.2576496312172,-6.762112994164326,0.025941147650712537,128.52147778470356,135.33920900915052,135.08856594213145,-6.817731224446957,0.2506430670190696,0.0,-0.0556182302826187,0.16908368908573834,0.05561823028263113,-0.22470191936835704
2018-02-01,131.35661919904896,134.95630020431898,135.298825124611,-3.599681005270015,-0.3425249202920213,131.35661919904896,135.10209855123014,135.17239616375642,-3.7454793521811767,-0.07029761252627509,0.0,-0.1457983469111639,0.12642896085458233,0.14579834691116167,-0.2722273077657462
2018-03-01,133.82525334242726,135.51802585422865,135.27923422713502,-1.6927725118013874,0.238791627093633,133.82525334242726,135.41394888559716,135.24010494648945,-1.5886955431699001,0.17384393910771223,0.0,0.10407696863148885,0.03912928064556809,-0.1040769686314873,0.06494768798592077
2018-04-01,137.24424728719472,134.8959170111939,135.2659075933919,2.348330276000846,-0.36999058219799963,137.24424728719472,134.86803028912556,135.31493740247595,2.3762169980691756,-0.4469071133503917,0.0,0.027886722068330982,-0.04902980908406107,-0.02788672206832965,0.07691653115239205
2018-05-01,140.868940681104,135.427687249191,135.27958821867944,5.441253431912995,0.1480990305115597,140.868940681104,135.7090967536194,135.40487456969558,5.159843927484577,0.3042221839238266,0.0,-0.2814095044284102,-0.12528635101614327,0.28140950442841817,-0.1561231534122669
2018-06-01,143.20968168452322,135.66948762563348,135.36556928750306,7.540194058889747,0.3039183381304156,143.20968168452322,135.5928763142522,135.4887321027344,7.616805370271006,0.10414421151781994,0.0,0.07661131138127075,-0.12316281523132488,-0.0766113113812592,0.19977412661259564
2018-07-01,143.22095265443934,135.17685320545263,135.50334889319427,8.044099448986708,-0.32649568774164095,143.22095265443934,134.75281095771174,135.59248047416793,8.468141696727614,-0.8396695164561834,0.0,0.4240422477408856,-0.08913158097365681,-0.42404224774090515,0.5131738287145424
2018-08-01,140.6968492699953,135.54631897316995,135.64990465897233,5.150530296825366,-0.10358568580238625,140.6968492699953,135.58571544512546,135.77189571595983,5.111133824869852,-0.18618027083437028,0.0,-0.03939647195551288,-0.1219910569874969,0.03939647195551377,0.08259458503198402
2018-09-01,136.43491080339186,135.93511387151648,135.82377156095978,0.49979693187536944,0.11134231055669375,136.43491080339186,135.6339412773373,136.0260846195133,0.8009695260545526,-0.39214334217601277,0.0,0.3011725941791781,-0.20231305855352844,-0.3011725941791832,0.5034856527327065
2018-10-01,134.15226970364887,136.23290756494185,136.0637607057674,-2.0806378612929843,0.16914685917444672,134.15226970364887,136.16219273778938,136.3329903537189,-2.009923034140523,-0.1707976159295299,0.0,0.07071482715247157,-0.26922964795150506,-0.07071482715246136,0.33994447510397663
2018-11-01,131.43443015893754,136.60201850857356,136.3895793827918,-5.167588349636031,0.2124391257817706,131.43443015893754,137.02434087941964,136.66082956086476,-5.589910720482095,0.3635113185548846,0.0,-0.42232237084607505,-0.27125017807296103,0.4223223708460644,-0.151072192773114
2018-12-01,126.42207374057085,136.0598518548102,136.78349701278268,-9.63777811423935,-0.7236451579724701,126.42207374057085,136.2011719072686,137.00716489431812,-9.77909816669775,-0.8059929870495353,0.0,-0.14132005245838286,-0.22366788153544803,0.14132005245840062,0.08234782907706517
2019-01-01,130.4258028867201,137.1004354174822,137.19977576421326,-6.674632530762104,-0.0993403467310543,130.4258028867201,137.24237900338028,137.4120871908025,-6.816576116660178,-0.1697081874222306,0.0,-0.1419435858980762,-0.2123114265892525,0.14194358589807354,0.0703678406911763
2019-02-01,134.40508574905664,138.1381781952668,137.60171922367144,-3.7330924462101387,0.5364589715953514,134.40508574905664,138.15627552122658,137.84709817174644,-3.751189772169927,0.3091773494801373,0.0,-0.018097325959786303,-0.24537894807500038,0.018097325959788524,0.22728162211521408
2019-03-01,137.8290112365584,139.6698482482429,137.9594138652655,-1.840837011684485,1.7104343829773825,137.8290112365584,139.42589866733334,138.21156395447645,-1.5968874307749519,1.2143347128568962,0.0,0.24394958090954333,-0.25215008921094295,-0.24394958090953311,0.4960996701204863
2019-04-01,140.62222062241275,138.17192631589515,138.24437388191467,2.4502943065176037,-0.07244756601951963,140.62222062241275,138.23979013431966,138.47279425903417,2.3824304880930995,-0.23300412471451182,0.0,-0.06786381842451306,-0.22842037711950525,0.06786381842450417,0.1605565586949922
2019-05-01,143.37323917825069,138.08630313610823,138.49340910636533,5.286936042142462,-0.40710597025710626,143.37323917825069,138.21987055211636,138.71795208651548,5.153368626134334,-0.4980815343991196,0.0,-0.13356741600813393,-0.2245429801501473,0.13356741600812772,0.09097556414201335
2019-06-01,146.6903185726395,139.07283566942647,138.7652565544276,7.617482903213044,0.30757911499887314,146.6903185726395,139.06833083018782,139.01196920897974,7.621987742451692,0.05636162120808308,0.0,0.004504839238649083,-0.24671265455214098,-0.004504839238648195,0.25121749379079006
2019-07-01,146.99818502845508,138.90406498819377,139.1369382606933,8.094120040261313,-0.23287327249954615,146.99818502845508,138.52139858012416,139.3688946784636,8.476786448330921,-0.847496098339434,0.0,0.3826664080696105,-0.2319564177702773,-0.3826664080696087,0.6146228258398878
2019-08-01,144.43998076352304,139.32035497130195,139.61487304305848,5.119625792221088,-0.2945180717565279,144.43998076352304,139.32977721174467,139.81318346230398,5.110203551778376,-0.4834062505593124,0.0,-0.009422240442717111,-0.19831041924550163,0.009422240442711782,0.18888817880278452
2019-09-01,142.53541644008857,141.99342867735197,140.1373700477722,0.5419877627365952,1.8560586295797634,142.53541644008857,141.73366667448755,140.26649761665936,0.8017497656010042,1.4671690578281869,0.0,0.2597620028644201,-0.12912756888715649,-0.259762002864409,0.38888957175157657
2019-10-01,139.04975612418195,141.0605389319919,140.6146899478285,-2.0107828078099566,0.4458489841634048,139.04975612418195,141.05612791693466,140.60429879683915,-2.0063717927527023,0.45182912009551046,0.0,0.004411015057257828,0.010391150989363496,-0.004411015057254275,-0.005980135932105668
2019-11-01,134.65903939336016,139.72045656730205,140.99891898564417,-5.061417173941888,-1.2784624183421158,134.65903939336016,140.24395548208668,140.86350060545948,-5.5849160887265095,-0.6195451233728022,0.0,-0.523498914784625,0.13541838018468866,0.5234989147846214,-0.6589172949693136
2019-12-01,131.82182224280317,141.53128110247738,141.28188494201916,-9.709458859674221,0.24939616045821822,131.82182224280317,141.60770959817646,141.12416853267135,-9.785887355373289,0.4835410655051078,0.0,-0.0764284956990764,0.15771640934781317,0.07642849569906751,-0.23414490504688956
2020-01-01,134.41722162393108,141.02111008198904,141.47237302303728,-6.603888458057963,-0.45126294104824183,134.41722162393108,141.23284590397654,141.3759984971608,-6.815624280045467,-0.14315259318425433,0.0,-0.21173582198750296,0.09637452587648454,0.21173582198750474,-0.3081103478639875
2020-02-01,138.2079842247268,142.05990374067656,141.60253217716487,-3.8519195159497546,0.4573715635116855,138.2079842247268,141.96617794583833,141.60673709767448,-3.7581937211115193,0.3594408481638425,0.0,0.09372579483823529,-0.004204920509607746,-0.09372579483823529,0.09793071534784303
2020-03-01,139.51931324829005,141.46551267064538,141.7543787763836,-1.9461994223553332,-0.28886610573820803,139.51931324829005,141.1275976015416,141.8451742466677,-1.6082843532515616,-0.7175766451261154,0.0,0.33791506910378644,-0.09079547028412094,-0.33791506910377156,0.4287105393879074
2020-04-01,144.5682581734804,142.05003544793348,141.98665159544066,2.518222725546915,0.06338385249281941,144.5682581734804,142.17897641223354,142.12702398157978,2.3892817612468624,0.05195243065375621,0.0,-0.12894096430005675,-0.14037238613911995,0.12894096430005275,0.011431421839063205
2020-05-01,147.34037987120655,142.20654910084417,142.2931713985837,5.133830770362367,-0.0866222977395239,147.34037987120655,142.19226861046985,142.45063434376772,5.148111260736712,-0.2583657332978646,0.0,0.014280490374318333,-0.15746294518402237,-0.014280490374344978,0.1717434355583407
2020-06-01,150.12537692762172,142.44098652038554,142.6902487312946,7.684390407236184,-0.24926221090905187,150.12537692762172,142.49815931615726,142.81414209783452,7.627217611464453,-0.31598278167726335,0.0,-0.057172795771720075,-0.12389336653993155,0.05717279577173073,0.06672057076821147
2020-07-01,151.37336169274926,143.2130617913006,143.13484216025648,8.160299901448667,0.07821963104410656,151.37336169274926,142.88520599125408,143.22446757815192,8.488155701495167,-0.3392615868978339,0.0,0.32785580004650683,-0.08962541789543366,-0.3278558000464997,0.4174812179419405
2020-08-01,150.3207691365344,145.2426924165497,143.5475020672376,5.078076719984735,1.6951903493120994,150.3207691365344,145.21099176044808,143.60410246393565,5.109777376086318,1.6068892965124348,0.0,0.03170065610160577,-0.05660039669805883,-0.03170065610158268,0.0883010527996646
2020-09-01,144.5643207059492,143.98634181445706,143.8717176081188,0.5779788914921286,0.11462420633827719,144.5643207059492,143.7655783467785,143.86996441739004,0.7987423591706875,-0.10438607061152538,0.0,0.2207634676785517,0.0017531907287491322,-0.22076346767855892,0.21901027694980257
2020-10-01,142.08642963703392,143.9943705170482,144.06364541086182,-1.9079408800142699,-0.06927489381362761,142.08642963703392,144.09063200766724,144.0601051006797,-2.0042023706333216,0.030526906987546454,0.0,-0.09626149061904243,0.003540310182131634,0.09626149061905176,-0.09980180080117407
2020-11-01,140.26558334948177,145.26949661961675,144.1956896936125,-5.00391327013496,1.073806926004238,140.26558334948177,145.8449466649828,144.171786454754,-5.579363315501029,1.673160210228815,0.0,-0.5754500453660683,0.023903238858508757,0.5754500453660691,-0.599353284224577
2020-12-01,133.06879742617963,142.85347136106472,144.3761497162109,-9.784673934885099,-1.5226783551461835,133.06879742617963,142.86149565703985,144.21287376049534,-9.792698230860225,-1.3513781034554881,0.0,-0.0080242959751331,0.1632759557155623,0.008024295975125995,-0.1713002516906954
2021-01-01,135.96356381080727,142.50916396889954,144.66569181019793,-6.545600158092268,-2.1565278412983844,135.96356381080727,142.7763815228681,144.36474014773228,-6.812817712060829,-1.5883586248641848,0.0,-0.26721755396854974,0.30095166246564986,0.2672175539685613,-0.5681692164341996
2021-02-01,140.88896624133488,144.82311987861328,145.05133305489747,-3.93415363727839,-0.2282131762841857,140.88896624133488,144.6549068547578,144.71046747268073,-3.7659406134229245,-0.05556061792293576,0.0,0.1682130238554862,0.34086558221673613,-0.16821302385546533,-0.17265255836124993
2021-03-01,143.39745981232625,145.4326055058364,145.46638746296208,-2.0351456935101475,-0.03378195712568299,143.39745981232625,145.01561512004622,145.14366730604476,-1.6181553077199715,-0.1280521859985413,0.0,0.41699038579017156,0.32272015691731326,-0.416990385790176,0.0942702288728583
2021-04-01,149.06594624561038,146.50409336845996,145.7969804375311,2.561852877150421,0.7071129309288722,149.06594624561038,146.67026420881612,145.5429331421126,2.3956820367942635,1.1273310667035332,0.0,-0.16617084035615903,0.254047295418502,0.1661708403561577,-0.42021813577466105
2021-05-01,151.35166513360937,146.3383498220168,145.97146993997237,5.013315311592575,0.36687988204442945,151.35166513360937,146.20787093010324,145.8379997881702,5.143794203506135,0.3698711419330323,0.0,0.13047889191355466,0.1334701518021575,-0.13047889191356,-0.0029912598886028263
2021-06-01,153.1731672573395,145.4200118011806,145.97794000449807,7.753155456158892,-0.5579282033174593,153.1731672573395,145.5396988116841,146.06634721735372,7.633468445655385,-0.5266484056696186,0.0,-0.1196870105034975,-0.08840721285565678,0.11968701050350639,-0.031279797647840724
2021-07-01,156.21769377098005,148.01492890156374,145.86715587128626,8.202764869416317,2.1477730302774773,156.21769377098005,147.71760219802846,146.24841854185075,8.500091572951586,1.4691836561777052,0.0,0.29732670353527624,-0.3812626705644959,-0.29732670353526913,0.6785893740997722
2021-08-01,151.03522244747643,145.97384516587107,145.8209348028696,5.061377281605361,0.15291036300146743,151.03522244747643,145.9299045282537,146.35561055161247,5.1053179192227365,-0.42570602335877084,0.0,0.043940637617367884,-0.5346757487428704,-0.04394063761737588,0.5786163863602383
2021-09-01,146.02736136480075,145.40684914411722,145.94592299103937,0.6205122206835334,-0.5390738469221503,146.02736136480075,145.23170227283177,146.4925532939087,0.7956590919689804,-1.2608510210769452,0.0,0.17514687128544892,-0.546630302869346,-0.17514687128544704,0.7217771741547949
2021-10-01,144.58738951346666,146.4268112735499,146.26444317919155,-1.8394217600832394,0.16236809435835653,144.58738951346666,146.58973160903696,146.75752344099925,-2.0023420955702993,-0.16779183196229042,0.0,-0.1629203354870583,-0.49308026180770526,0.16292033548705986,0.33015992632064695
2021-11-01,141.46807909677563,146.43041675840897,146.7234973431042,-4.962337661633351,-0.29308058469524667,141.46807909677563,147.04581659887896,147.10340401277372,-5.577737502103329,-0.057587413894765405,0.0,-0.6153998404699905,-0.37990666966950926,0.6153998404699772,-0.23549317080048127
2021-12-01,137.3280869533078,147.2003349629619,147.23271420680078,-9.87224800965411,-0.03237924383887503,137.3280869533078,147.1238632025655,147.48005720660595,-9.795776249257706,-0.35619400404044654,0.0,0.07647176039640158,-0.24734299980516994,-0.07647176039640335,0.3238147602015715
2022-01-01,142.0968754634758,148.58716448293018,147.74354814302362,-6.490289019454379,0.8436163399065606,142.0968754634758,148.90299512201324,147.84228938887205,-6.806119658537419,1.0607057331411909,0.0,-0.3158306390830603,-0.09874124584843003,0.3158306390830399,-0.21708939323463028
2022-02-01,143.94333073077223,147.9342058755379,148.22991806712577,-3.990875144765686,-0.2957121915878531,143.94333073077223,147.71655027283538,148.1564170300702,-3.7732195420631403,-0.4398667572348245,0.0,0.2176556027025356,0.07350103705556421,-0.2176556027025458,0.14415456564697138
2022-03-01,146.11764106624486,148.21899624312883,148.65402983671203,-2.1013551768839682,-0.43503359358319926,146.11764106624486,147.7444014479964,148.49175362203658,-1.626760381751541,-0.7473521740401736,0.0,0.4745947951324183,0.16227621467544395,-0.4745947951324272,0.31231858045697436
2022-04-01,151.8727597983762,149.29836967955137,149.0494416015051,2.5743901188248186,0.24892807804627637,151.8727597983762,149.47401685477175,148.87829806066796,2.3987429436044567,0.5957187941037887,0.0,-0.17564717522037654,0.1711435408371358,0.17564717522036188,-0.3467907160575123
2022-05-01,154.2797655046987,149.3636279813023,149.40901959975739,4.91613752339641,-0.04539161845508488,154.2797655046987,149.14153070427645,149.25538382276966,5.138234800422241,-0.11385311849321056,0.0,0.2220972770258527,0.153635776987727,-0.22209727702583137,0.06846150003812568
2022-06-01,157.64692712457497,149.84643490976362,149.72260656588185,7.800492214811357,0.12382834388176889,157.64692712457497,150.00634587326965,149.5891046503453,7.640581251305319,0.4172412229243605,0.0,-0.15991096350603584,0.13350191553655577,0.1599109635060385,-0.2934128790425916
2022-07-01,160.0239844118678,151.75886855916906,149.99677722546994,8.26511585269873,1.762091333699118,160.0239844118678,151.51683827897378,149.817090101723,8.507146132894015,1.6997481772507683,0.0,0.24203028019528006,0.1796871237469304,-0.24203028019528539,0.062343156448349646
2022-08-01,153.46213895751183,148.37503086435217,150.2396747211168,5.087108093159666,-1.8646438567646442,153.46213895751183,148.3603046924085,149.9554628961831,5.10183426510332,-1.595158203774588,0.0,0.014726171943664212,0.28421182493372044,-0.014726171943653554,-0.2694856529900562
2022-09-01,151.30266981573146,150.65449281765956,150.42492395861856,0.6481769980718906,0.22956885904099522,151.30266981573146,150.50678471839075,150.13090385831103,0.7958850973407057,0.3758808600797181,0.0,0.14770809926881157,0.29402010030753445,-0.14770809926881512,-0.14631200103872288
2022-10-01,147.87640053276158,149.68477021999695,150.5758609212444,-1.8083696872353712,-0.8910907012474638,147.87640053276158,149.87613053431622,150.35751771059176,-1.999730001554633,-0.48138717627554684,0.0,-0.1913603143192688,0.21834321065264817,0.19136031431926193,-0.409703524971917
2022-11-01,146.35275019640562,151.3130019461414,150.68020681288473,-4.960251749735781,0.6327951332566784,146.35275019640562,151.9298639064733,150.54937712606764,-5.577113710067656,1.380486780405647,0.0,-0.6168619603318746,0.13082968681709417,0.6168619603318746,-0.7476916471489687
2022-12-01,140.89367603789074,150.78716016811285,150.68455787853466,-9.893484130222108,0.1026022895781864,140.89367603789074,150.69050211814607,150.63902857306937,-9.79682608025534,0.05147354507670343,0.0,0.09665804996677707,0.0455293054652941,-0.09665804996676819,0.05112874450148297
2023-01-01,144.52357572673566,150.97497519558607,150.5981953406338,-6.451399468850402,0.3767798549522752,144.52357572673566,151.3245876339624,150.6332833522572,-6.80101190722676,0.6913042817052144,0.0,-0.34961243837634015,-0.035088011623400917,0.3496124383763579,-0.31452442675293923
2023-02-01,145.84243480947154,149.91668690518173,150.4939171085322,-4.074252095710207,-0.5772302033504673,145.84243480947154,149.62066819384813,150.6085308529086,-3.7782333843765987,-0.987862659060454,0.0,0.2960187113336019,-0.11461374437638483,-0.2960187113336086,0.41063245570998674
2023-03-01,148.59175913638433,150.77121565123474,150.4895803454417,-2.1794565148504255,0.2816353057930314,148.59175913638433,150.2246276244204,150.65637372711302,-1.6328684880360944,-0.43174610269261393,0.0,0.5465880268143337,-0.16679338167131164,-0.546588026814331,0.7133814084856454
2023-04-01,152.93176408932783,150.33222688206217,150.6362689731164,2.599537207265663,-0.30404209105421387,152.93176408932783,150.53191384402894,150.80237920749988,2.399850245298882,-0.2704653634709473,0.0,-0.19968696196676206,-0.16611023438349548,0.19968696196678115,-0.033576727583266575
2023-05-01,155.14231232504667,150.30636821116772,150.94725778134247,4.835944113878954,-0.6408895701747497,155.14231232504667,150.0092243604858,151.04297840950943,5.133087964560872,-1.0337540490236279,0.0,0.29714385068191973,-0.09572062816695848,-0.29714385068191795,0.3928644788488782
2023-06-01,159.59641780059397,151.73961984382956,151.37707086943237,7.856797956764415,0.3625489743971855,159.59641780059397,151.95020279236783,151.35543647460574,7.646215008226142,0.5947663177620939,0.0,-0.2105829485382742,0.021634394826634207,0.21058294853827242,-0.2322173433649084
2023-07-01,160.66528633612907,152.3315732936596,151.790165275024,8.33371304246948,0.5414080186355932,160.66528633612907,152.1570602834123,151.64090176413282,8.508226052716775,0.516158519279486,0.0,0.1745130102472956,0.1492635108911884,-0.1745130102472956,0.025249499356107208
2023-08-01,157.42523093974097,152.28544257046065,152.11625049647017,5.139788369280317,0.1691920739904731,157.42523093974097,152.32299894395325,151.83837348850392,5.102231995787716,0.4846254554493328,0.0,-0.0375563734926061,0.2778770079662536,0.03755637349260077,-0.3154333814588597
2023-09-01,152.40859826870633,151.74472832488934,152.33330743054245,0.6638699438169892,-0.5885791056531104,152.40859826870633,151.6129802038094,151.97982444332203,0.7956180648969293,-0.36684423951263057,0.0,0.13174812107993716,0.35348298722041704,-0.13174812107994016,-0.22173486614047988
2023-10-01,151.02545081124046,152.82494097772133,152.45130483096344,-1.7994901664808682,0.3736361467578888,151.02545081124046,153.02149943787796,152.08839168349067,-1.9960486266375044,0.9331077543872937,0.0,-0.1965584601566377,0.36291314747276715,0.19655846015663614,-0.5594716076294048
2023-11-01,145.43168015467967,150.39449297946211,152.50662111612237,-4.962812824782454,-2.1121281366602602,145.43168015467967,151.01115552503165,152.18862496588642,-5.579475370351997,-1.1774694408547646,0.0,-0.6166625455695396,0.31799615023595607,0.6166625455695423,-0.9346586958054957
2023-12-01,142.56437496123147,152.4898480742858,152.557840186796,-9.925473113054311,-0.0679921125102112,142.56437496123147,152.3619787826074,152.3415950946078,-9.797603821375924,0.020383687999583344,0.0,0.1278692916783939,0.21624509218818844,-0.1278692916783868,-0.08837580050979454
2024-01-01,146.44840048484042,152.86072466376513,152.66128981976763,-6.412324178924704,0.19943484399749423,146.44840048484042,153.2467439820215,152.51025968368225,-6.798343497181083,0.7364842983392634,0.0,-0.3860193182563876,0.15103013608538163,0.3860193182563787,-0.5370494543417692
2024-02-01,148.61389431063571,152.79138920824715,152.8045298523478,-4.177494897611451,-0.01314064410064475,148.61389431063571,152.39358385035789,152.63777134524514,-3.779689539722157,-0.24418749488725666,0.0,0.3978053578892684,0.1667585071026565,-0.39780535788929416,0.2310468507866119
2024-03-01,150.22384612084508,152.47278087834604,152.95912721781215,-2.2489347575009537,-0.4863463394661096,150.22384612084508,151.8601262249574,152.7915223805434,-1.6362801041123407,-0.9313961555859862,0.0,0.6126546533886312,0.16760483726875464,-0.612654653388613,0.4450498161198766
2024-04-01,156.111799645342,153.48202854991135,153.12118343762054,2.6297710954306472,0.3608451122908036,156.111799645342,153.71010742625376,153.00078714012216,2.401692219088239,0.7093202861316001,0.0,-0.22807887634240842,0.1203962974983881,0.22807887634240842,-0.3484751738407965
2024-05-01,157.89146197798647,153.08885262653513,153.2946209205209,4.802609351451334,-0.2057682939857841,157.89146197798647,152.760337900718,153.2121011107458,5.13112407726844,-0.4517632100277922,0.0,0.32851472581711505,0.08251980977510698,-0.32851472581710617,0.24599491604200807
2024-06-01,161.97307136114182,154.07559581858942,153.4429496434205,7.897475542552411,0.6326461751689294,161.97307136114182,154.3235396264994,153.39088859051608,7.649531734642402,0.9326510359833264,0.0,-0.2479438079099907,0.052061052904406324,0.24794380791000936,-0.30000486081439703
2024-07-01,161.55338182431436,153.14505517235852,153.57561199059498,8.408326651955841,-0.43055681823645386,161.55338182431436,153.04615375858896,153.53271339563045,8.507228065725403,-0.48655963704149485,0.0,0.09890141376956763,0.04289859496452664,-0.0989014137695623,0.05600281880504099
2024-08-01,158.54759311071015,153.37875590057075,153.67111044470818,5.168837210139411,-0.29235454413742445,158.54759311071015,153.4456698213342,153.6846488652106,5.101923289375959,-0.2389790438763839,0.0,-0.06691392076345437,-0.013538420502413828,0.0669139207634517,-0.05337550026104054
2024-09-01,154.76886259169328,154.09194126620017,153.7333460963207,0.6769213254931139,0.3585951698794645,154.76886259169328,153.97290424876573,153.86963368756483,0.7959583429275621,0.10327056120090106,0.0,0.11903701743443662,-0.13628759124412682,-0.11903701743444817,0.25532460867856344
2024-10-01,152.19769395298925,154.00192504684958,153.82455767961483,-1.8042310938603374,0.17736736723475133,152.19769395298925,154.19282685720975,154.05256795542317,-1.9951329042204944,0.14025890178658074,0.0,-0.19090181036017384,-0.22801027580834443,0.19090181036015696,0.03710846544817059
2024-11-01,148.72732186132433,153.72327175981866,153.9702259875045,-4.995949898494333,-0.24695422768584763,148.72732186132433,154.3070622492633,154.21720391729002,-5.5797403879389815,0.0898583319732893,0.0,-0.5837904894446524,-0.24697792978551547,0.5837904894446488,-0.3368125596591369
2024-12-01,144.26991450877466,154.17911732074754,154.16460219655588,-9.90920281197287,0.014515124191660789,144.26991450877466,154.06851677190082,154.38167825672463,-9.798602263126163,-0.3131614848238087,0.0,0.110600548846719,-0.21707606016875047,-0.11060054884670656,0.32767660901546947
