quarter,series,preprocessing.y,preprocessing.y_f,preprocessing.y_ef,preprocessing.yc,preprocessing.yc_f,preprocessing.yc_ef,preprocessing.l,preprocessing.y_lin,preprocessing.y_lin_f,preprocessing.ycal,preprocessing.ycal_f,preprocessing.det,preprocessing.det_f,preprocessing.l_f,preprocessing.l_b,preprocessing.cal,preprocessing.cal_f,preprocessing.tde,preprocessing.tde_f,preprocessing.mhe,preprocessing.mhe_f,preprocessing.ee,preprocessing.ee_f,preprocessing.omhe,preprocessing.omhe_f,preprocessing.out,preprocessing.out_f,preprocessing.out_i,preprocessing.out_i_f,preprocessing.out_t,preprocessing.out_t_f,preprocessing.out_s,preprocessing.out_s_f,preprocessing.reg,preprocessing.reg_f,preprocessing.reg_t,preprocessing.reg_t_f,preprocessing.reg_s,preprocessing.reg_s_f,preprocessing.reg_i,preprocessing.reg_i_f,preprocessing.reg_sa,preprocessing.reg_sa_f,preprocessing.reg_y,preprocessing.reg_y_f,preprocessing.reg_u,preprocessing.reg_u_f,preprocessing.fullresiduals,preprocessing.fcasts(-2),preprocessing.bcasts(-2),preprocessing.lin_fcasts(-2),preprocessing.lin_bcasts(-2),preprocessing.efcasts(-2),decomposition.y_lin,decomposition.y_lin_f,decomposition.y_lin_ef,decomposition.t_lin,decomposition.t_lin_f,decomposition.t_lin_e,decomposition.t_lin_ef,decomposition.sa_lin,decomposition.sa_lin_f,decomposition.sa_lin_e,decomposition.sa_lin_ef,decomposition.s_lin,decomposition.s_lin_f,decomposition.s_lin_e,decomposition.s_lin_ef,decomposition.i_lin,decomposition.i_lin_f,decomposition.i_lin_e,decomposition.i_lin_ef,decomposition.y_cmp,decomposition.y_cmp_f,decomposition.t_cmp,decomposition.t_cmp_f,decomposition.sa_cmp,decomposition.sa_cmp_f,decomposition.s_cmp,decomposition.s_cmp_f,decomposition.i_cmp,decomposition.i_cmp_f,decomposition.i_cmp_e,decomposition.t_cmp_e,decomposition.s_cmp_e,decomposition.sa_cmp_e,decomposition.i_cmp_ef,decomposition.t_cmp_ef,decomposition.s_cmp_ef,decomposition.sa_cmp_ef,decomposition.si_cmp,final.y,final.y_f,final.t,final.t_f,final.sa,final.sa_f,final.s,final.s_f,final.i,final.i_f
2003-01-01,,,,,,,,,,,,,,,,,,,,,,,,,,,,,,,,,,,,,,,,,,,,,,,,,,,92.52007467754403,,92.52007467754403,,,,,,,,,,,,,,,,,,,,,,,,,,,,,,,,,,,,,,,,,,,,,,,,,
2003-04-01,,,,,,,,,,,,,,,,,,,,,,,,,,,,,,,,,,,,,,,,,,,,,,,,,,,98.86472216912003,,98.86472216912003,,,,,,,,,,,,,,,,,,,,,,,,,,,,,,,,,,,,,,,,,,,,,,,,,
2003-07-01,,,,,,,,,,,,,,,,,,,,,,,,,,,,,,,,,,,,,,,,,,,,,,,,,,,102.1391863627289,,102.1391863627289,,,,,,,,,,,,,,,,,,,,,,,,,,,,,,,,,,,,,,,,,,,,,,,,,
2003-10-01,,,,,,,,,,,,,,,,,,,,,,,,,,,,,,,,,,,,,,,,,,,,,,,,,,,94.90419522905654,,94.90419522905654,,,,,,,,,,,,,,,,,,,,,,,,,,,,,,,,,,,,,,,,,,,,,,,,,
2004-01-01,,,,,,,,,,,,,,,,94.27484236804857,,,,,,,,,,,,,,,,,,,,,,,,,,,,,,,,,,,94.27484236804857,,94.27484236804857,,,,,,,,,,,,,,,,,,,,,,,,,,,,,,,,,,,,,,,,,,,,,,,,,
2004-04-01,,,,,,,,,,,,,,,,100.42341204447176,,,,,,,,,,,,,,,,,,,,,,,,,,,,,,,,,,,100.42341204447176,,100.42341204447176,,,,,,,,,,,,,,,,,,,,,,,,,,,,,,,,,,,,,,,,,,,,,,,,,
2004-07-01,,,,,,,,,,,,,,,,103.91708972533421,,,,,,,,,,,,,,,,,,,,,,,,,,,,,,,,,,,103.91708972533421,,103.91708972533421,,,,,,,,,,,,,,,,,,,,,,,,,,,,,,,,,,,,,,,,,,,,,,,,,
2004-10-01,,,,,,,,,,,,,,,,96.78782466464159,,,,,,,,,,,,,,,,,,,,,,,,,,,,,,,,,,,96.78782466464159,,96.78782466464159,,,,,,,,,,,,,,,,,,,,,,,,,,,,,,,,,,,,,,,,,,,,,,,,,
2005-01-01,95.2887467219271,95.2887467219271,,,95.2887467219271,,,95.2887467219271,95.2887467219271,,95.2887467219271,,0.0,,,,0.0,,0.0,,0.0,,0.0,,0.0,,0.0,,0.0,,0.0,,0.0,,0.0,,0.0,,0.0,,0.0,,0.0,,0.0,,0.0,,,,,,,,95.2887467219271,,,99.90060072198139,,0.27800611426913524,,99.2348731958672,,0.10255206570183051,,-3.9461264739400965,,0.10255206570183051,,-0.6657275264966195,,0.2877436691156799,,95.2887467219271,,99.90060072198139,,99.2348731958672,,-3.9461264739400965,,-0.6657275261141962,,0.2877436691156799,0.27800611426913524,0.10255206570183051,0.10255206570183051,,,,,-4.611854000054293,95.2887467219271,,99.90060072198139,,99.2348731958672,,-3.9461264739400965,,-0.6657275261141962,
2005-04-01,102.99028671454795,102.99028671454795,,,102.99028671454795,,,102.99028671454795,102.99028671454795,,102.99028671454795,,0.0,,,,0.0,,0.0,,0.0,,0.0,,0.0,,0.0,,0.0,,0.0,,0.0,,0.0,,0.0,,0.0,,0.0,,0.0,,0.0,,0.0,,,,,,,,102.99028671454795,,,100.42035937277444,,0.20283060208985385,,101.04251780743068,,0.10233185306548227,,1.947768907117259,,0.10233185306548227,,0.6221584342799593,,0.2217166640959649,,102.99028671454795,,100.42035937277444,,101.04251780743068,,1.947768907117259,,0.6221584346562423,,0.2217166640959649,0.20283060208985385,0.10233185306548227,0.10233185306548227,,,,,2.5699273417735014,102.99028671454795,,100.42035937277444,,101.04251780743068,,1.947768907117259,,0.6221584346562423,
2005-07-01,105.70906179514627,105.70906179514627,,,105.70906179514627,,,105.70906179514627,105.70906179514627,,105.70906179514627,,0.0,,,,0.0,,0.0,,0.0,,0.0,,0.0,,0.0,,0.0,,0.0,,0.0,,0.0,,0.0,,0.0,,0.0,,0.0,,0.0,,0.0,,,,,,,,105.70906179514627,,,100.90224955675328,,0.18860595583773715,,100.88095039165323,,0.10218775007684715,,4.828111403493042,,0.10218775007684715,,-0.02129916549053701,,0.2106441262118423,,105.70906179514627,,100.90224955675328,,100.88095039165323,,4.828111403493042,,-0.02129916510004648,,0.2106441262118423,0.18860595583773715,0.10218775007684715,0.10218775007684715,,,,,4.806812238392996,105.70906179514627,,100.90224955675328,,100.88095039165323,,4.828111403493042,,-0.02129916510004648,
2005-10-01,97.96576908576206,97.96576908576206,,,97.96576908576206,,,97.96576908576206,97.96576908576206,,97.96576908576206,,0.0,,,,0.0,,0.0,,0.0,,0.0,,0.0,,0.0,,0.0,,0.0,,0.0,,0.0,,0.0,,0.0,,0.0,,0.0,,0.0,,0.0,,,,,,,,97.96576908576206,,,101.38582407356725,,0.1880617483886132,,100.79590534508625,,0.10190125384569754,,-2.8301362593241945,,0.10190125384569754,,-0.5899187288581653,,0.21053847568025993,,97.96576908576206,,101.38582407356725,,100.79590534508625,,-2.8301362593241945,,-0.5899187284809955,,0.21053847568025993,0.1880617483886132,0.10190125384569754,0.10190125384569754,,,,,-3.42005498780519,97.96576908576206,,101.38582407356725,,100.79590534508625,,-2.8301362593241945,,-0.5899187284809955,
2006-01-01,98.66664664425511,98.66664664425511,,,98.66664664425511,,,98.66664664425511,98.66664664425511,,98.66664664425511,,0.0,,,,0.0,,0.0,,0.0,,0.0,,0.0,,0.0,,0.0,,0.0,,0.0,,0.0,,0.0,,0.0,,0.0,,0.0,,0.0,,0.0,,,,,,,,98.66664664425511,,,101.91269969963346,,0.18805631736002265,,102.61152745900755,,0.10005182287459644,,-3.944880814752441,,0.10005182287459644,,0.6988277589846006,,0.20977643285679795,,98.66664664425511,,101.91269969963346,,102.61152745900755,,-3.944880814752441,,0.6988277593740833,,0.20977643285679795,0.18805631736002265,0.10005182287459644,0.10005182287459644,,,,,-3.2460530553783578,98.66664664425511,,101.91269969963346,,102.61152745900755,,-3.944880814752441,,0.6988277593740833,
2006-04-01,103.85710601943967,103.85710601943967,,,103.85710601943967,,,103.85710601943967,103.85710601943967,,103.85710601943967,,0.0,,,,0.0,,0.0,,0.0,,0.0,,0.0,,0.0,,0.0,,0.0,,0.0,,0.0,,0.0,,0.0,,0.0,,0.0,,0.0,,0.0,,-1.3203279171318043,,,,,,103.85710601943967,,,102.41924123581941,,0.18805625231736764,,101.91055490442932,,0.09984851774095217,,1.946551115010358,,0.09984851774095217,,-0.5086863317734118,,0.20967472988426172,,103.85710601943967,,102.41924123581941,,101.91055490442932,,1.946551115010358,,-0.5086863313900949,,0.20967472988426172,0.18805625231736764,0.09984851774095217,0.09984851774095217,,,,,1.4378647836202632,103.85710601943967,,102.41924123581941,,101.91055490442932,,1.946551115010358,,-0.5086863313900949,
2006-07-01,108.22720327925738,108.22720327925738,,,108.22720327925738,,,108.22720327925738,108.22720327925738,,108.22720327925738,,0.0,,,,0.0,,0.0,,0.0,,0.0,,0.0,,0.0,,0.0,,0.0,,0.0,,0.0,,0.0,,0.0,,0.0,,0.0,,0.0,,0.0,,0.14541552199257096,,,,,,108.22720327925738,,,102.90320315266888,,0.1880516894340346,,103.39932318987255,,0.09971411754010956,,4.827880089384828,,0.09971411754010956,,0.49612003680616523,,0.20963903234860984,,108.22720327925738,,102.90320315266888,,103.39932318987255,,4.827880089384828,,0.49612003720366715,,0.20963903234860984,0.1880516894340346,0.09971411754010956,0.09971411754010956,,,,,5.324000126588495,108.22720327925738,,102.90320315266888,,103.39932318987255,,4.827880089384828,,0.49612003720366715,
2006-10-01,99.91874087463812,99.91874087463812,,,99.91874087463812,,,99.91874087463812,99.91874087463812,,99.91874087463812,,0.0,,,,0.0,,0.0,,0.0,,0.0,,0.0,,0.0,,0.0,,0.0,,0.0,,0.0,,0.0,,0.0,,0.0,,0.0,,0.0,,0.0,,-0.23409069460622642,,,,,,99.91874087463812,,,103.41996301566306,,0.18805167626444308,,102.74777794501668,,0.09944872629345569,,-2.8290370703785626,,0.09944872629345569,,-0.6721850710306028,,0.20951536027005463,,99.91874087463812,,103.41996301566306,,102.74777794501668,,-2.8290370703785626,,-0.6721850706463783,,0.20951536027005463,0.18805167626444308,0.09944872629345569,0.09944872629345569,,,,,-3.501222141024941,99.91874087463812,,103.41996301566306,,102.74777794501668,,-2.8290370703785626,,-0.6721850706463783,
2007-01-01,100.5830935402379,100.5830935402379,,,100.5830935402379,,,100.5830935402379,100.5830935402379,,100.5830935402379,,0.0,,,,0.0,,0.0,,0.0,,0.0,,0.0,,0.0,,0.0,,0.0,,0.0,,0.0,,0.0,,0.0,,0.0,,0.0,,0.0,,0.0,,0.45054761124852594,,,,,,100.5830935402379,,,104.02718242420308,,0.1880467745055079,,104.52819516517363,,0.09773928058046863,,-3.9451016249357274,,0.09773928058046863,,0.5010127405740963,,0.20882436946034671,,100.5830935402379,,104.02718242420308,,104.52819516517363,,-3.9451016249357274,,0.5010127409705518,,0.20882436946034671,0.1880467745055079,0.09773928058046863,0.09773928058046863,,,,,-3.4440888839651755,100.5830935402379,,104.02718242420308,,104.52819516517363,,-3.9451016249357274,,0.5010127409705518,
2007-04-01,106.10426154080086,106.10426154080086,,,106.10426154080086,,,106.10426154080086,106.10426154080086,,106.10426154080086,,0.0,,,,0.0,,0.0,,0.0,,0.0,,0.0,,0.0,,0.0,,0.0,,0.0,,0.0,,0.0,,0.0,,0.0,,0.0,,0.0,,0.0,,-0.5127339537554362,,,,,,106.10426154080086,,,104.73021301960053,,0.18804671580153387,,104.15789118972255,,0.09755146681396425,,1.9463703510783097,,0.09755146681396425,,-0.5723218302683001,,0.2087321660522405,,106.10426154080086,,104.73021301960053,,104.15789118972255,,1.9463703510783097,,-0.5723218298779784,,0.2087321660522405,0.18804671580153387,0.09755146681396425,0.09755146681396425,,,,,1.3740485212003313,106.10426154080086,,104.73021301960053,,104.15789118972255,,1.9463703510783097,,-0.5723218298779784,
2007-07-01,110.5776712469551,110.5776712469551,,,110.5776712469551,,,110.5776712469551,110.5776712469551,,110.5776712469551,,0.0,,,,0.0,,0.0,,0.0,,0.0,,0.0,,0.0,,0.0,,0.0,,0.0,,0.0,,0.0,,0.0,,0.0,,0.0,,0.0,,0.0,,0.31894056449265124,,,,,,110.5776712469551,,,105.50058691518244,,0.188042597595354,,105.75130667926382,,0.09742731902281877,,4.826364567691293,,0.09742731902281877,,0.2507197636769082,,0.20869980379126182,,110.5776712469551,,105.50058691518244,,105.75130667926382,,4.826364567691293,,0.2507197640813814,,0.20869980379126182,0.188042597595354,0.09742731902281877,0.09742731902281877,,,,,5.077084331772674,110.5776712469551,,105.50058691518244,,105.75130667926382,,4.826364567691293,,0.2507197640813814,
2007-10-01,103.54929142483948,103.54929142483948,,,103.54929142483948,,,103.54929142483948,103.54929142483948,,103.54929142483948,,0.0,,,,0.0,,0.0,,0.0,,0.0,,0.0,,0.0,,0.0,,0.0,,0.0,,0.0,,0.0,,0.0,,0.0,,0.0,,0.0,,0.0,,1.060155076667467,,,,,,103.54929142483948,,,106.22043072958513,,0.18804258570922308,,106.37573888595097,,0.09718219941900194,,-2.826447461111485,,0.09718219941900194,,0.15530815597459913,,0.20858769039135586,,103.54929142483948,,106.22043072958513,,106.37573888595097,,-2.826447461111485,,0.15530815636583384,,0.20858769039135586,0.18804258570922308,0.09718219941900194,0.09718219941900194,,,,,-2.671139304745651,103.54929142483948,,106.22043072958513,,106.37573888595097,,-2.826447461111485,,0.15530815636583384,
2008-01-01,103.0874493006749,103.0874493006749,,,103.0874493006749,,,103.0874493006749,103.0874493006749,,103.0874493006749,,0.0,,,,0.0,,0.0,,0.0,,0.0,,0.0,,0.0,,0.0,,0.0,,0.0,,0.0,,0.0,,0.0,,0.0,,0.0,,0.0,,0.0,,0.15685875166208313,,,,,,103.0874493006749,,,106.76319108785142,,0.188038161663539,,107.0341498590703,,0.09560420076926208,,-3.946700558395393,,0.09560420076926208,,0.27095877081548636,,0.20796139038967604,,103.0874493006749,,106.76319108785142,,107.0341498590703,,-3.946700558395393,,0.27095877121887213,,0.20796139038967604,0.188038161663539,0.09560420076926208,0.09560420076926208,,,,,-3.675741787176521,103.0874493006749,,106.76319108785142,,107.0341498590703,,-3.946700558395393,,0.27095877121887213,
2008-04-01,109.00695071548233,109.00695071548233,,,109.00695071548233,,,109.00695071548233,109.00695071548233,,109.00695071548233,,0.0,,,,0.0,,0.0,,0.0,,0.0,,0.0,,0.0,,0.0,,0.0,,0.0,,0.0,,0.0,,0.0,,0.0,,0.0,,0.0,,0.0,,-0.32639878920744597,,,,,,109.00695071548233,,,107.13542757740949,,0.1880381086807765,,107.05936903922093,,0.09543092290894943,,1.9475816762614016,,0.09543092290894943,,-0.07605853858583633,,0.20787783316261005,,109.00695071548233,,107.13542757740949,,107.05936903922093,,1.9475816762614016,,-0.0760585381885619,,0.20787783316261005,0.1880381086807765,0.09543092290894943,0.09543092290894943,,,,,1.8715231380728397,109.00695071548233,,107.13542757740949,,107.05936903922093,,1.9475816762614016,,-0.0760585381885619,
2008-07-01,112.30148186691503,112.30148186691503,,,112.30148186691503,,,112.30148186691503,112.30148186691503,,112.30148186691503,,0.0,,,,0.0,,0.0,,0.0,,0.0,,0.0,,0.0,,0.0,,0.0,,0.0,,0.0,,0.0,,0.0,,0.0,,0.0,,0.0,,0.0,,-0.8485516641885175,,,,,,112.30148186691503,,,107.4184918662379,,0.18803439183353943,,107.47721747886958,,0.09531639399791736,,4.8242643880454485,,0.09531639399791736,,0.0587256122203183,,0.20784850639266586,,112.30148186691503,,107.4184918662379,,107.47721747886958,,4.8242643880454485,,0.05872561263167597,,0.20784850639266586,0.18803439183353943,0.09531639399791736,0.09531639399791736,,,,,4.8829900006771245,112.30148186691503,,107.4184918662379,,107.47721747886958,,4.8242643880454485,,0.05872561263167597,
2008-10-01,104.86326098952891,104.86326098952891,,,104.86326098952891,,,104.86326098952891,104.86326098952891,,104.86326098952891,,0.0,,,,0.0,,0.0,,0.0,,0.0,,0.0,,0.0,,0.0,,0.0,,0.0,,0.0,,0.0,,0.0,,0.0,,0.0,,0.0,,0.0,,-0.24699126997387358,,,,,,104.86326098952891,,,107.66379220853628,,0.18803438110583817,,107.68716648417343,,0.09509029057160659,,-2.823905494644523,,0.09509029057160659,,0.023374275238940534,,0.20774691209046364,,104.86326098952891,,107.66379220853628,,107.68716648417343,,-2.823905494644523,,0.023374275637152664,,0.20774691209046364,0.18803438110583817,0.09509029057160659,0.09509029057160659,,,,,-2.8005312190073703,104.86326098952891,,107.66379220853628,,107.68716648417343,,-2.823905494644523,,0.023374275637152664,
2009-01-01,103.95999167463995,103.95999167463995,,,103.95999167463995,,,103.95999167463995,103.95999167463995,,103.95999167463995,,0.0,,,,0.0,,0.0,,0.0,,0.0,,0.0,,0.0,,0.0,,0.0,,0.0,,0.0,,0.0,,0.0,,0.0,,0.0,,0.0,,0.0,,-0.8605669151187069,,,,,,103.95999167463995,,,107.90151635548004,,0.18803038823496862,,107.9088019856338,,0.09363550506099622,,-3.9488103109938435,,0.09363550506099622,,0.007285629743487121,,0.20717946580297053,,103.95999167463995,,107.90151635548004,,107.9088019856338,,-3.9488103109938435,,0.007285630153759826,,0.20717946580297053,0.18803038823496862,0.09363550506099622,0.09363550506099622,,,,,-3.9415246808400837,103.95999167463995,,107.90151635548004,,107.9088019856338,,-3.9488103109938435,,0.007285630153759826,
2009-04-01,110.02580278625096,110.02580278625096,,,110.02580278625096,,,110.02580278625096,110.02580278625096,,110.02580278625096,,0.0,,,,0.0,,0.0,,0.0,,0.0,,0.0,,0.0,,0.0,,0.0,,0.0,,0.0,,0.0,,0.0,,0.0,,0.0,,0.0,,0.0,,-0.4937199176501186,,,,,,110.02580278625096,,,108.18980097096119,,0.1880303404160493,,108.07645384987482,,0.09347584239206508,,1.9493489363761345,,0.09347584239206508,,-0.11334712149053039,,0.20710377217542514,,110.02580278625096,,108.18980097096119,,108.07645384987482,,1.9493489363761345,,-0.11334712108636325,,0.20710377217542514,0.1880303404160493,0.09347584239206508,0.09347584239206508,,,,,1.8360018152897712,110.02580278625096,,108.18980097096119,,108.07645384987482,,1.9493489363761345,,-0.11334712108636325,
2009-07-01,113.0027980197986,113.0027980197986,,,113.0027980197986,,,113.0027980197986,113.0027980197986,,113.0027980197986,,0.0,,,,0.0,,0.0,,0.0,,0.0,,0.0,,0.0,,0.0,,0.0,,0.0,,0.0,,0.0,,0.0,,0.0,,0.0,,0.0,,0.0,,-0.9544263715889576,,,,,,113.0027980197986,,,108.57122813089816,,0.18802698582606236,,108.18061926865192,,0.0933703219522194,,4.8221787511466765,,0.0933703219522194,,-0.39060886266444006,,0.20707720601231244,,113.0027980197986,,108.57122813089816,,108.18061926865192,,4.8221787511466765,,-0.39060886224623914,,0.20707720601231244,0.18802698582606236,0.0933703219522194,0.0933703219522194,,,,,4.431569888900437,113.0027980197986,,108.57122813089816,,108.18061926865192,,4.8221787511466765,,-0.39060886224623914,
2009-10-01,106.9647444944057,106.9647444944057,,,106.9647444944057,,,106.9647444944057,106.9647444944057,,106.9647444944057,,0.0,,,,0.0,,0.0,,0.0,,0.0,,0.0,,0.0,,0.0,,0.0,,0.0,,0.0,,0.0,,0.0,,0.0,,0.0,,0.0,,0.0,,0.8936502175521307,,,,,,106.9647444944057,,,108.95253446285722,,0.18802697614393066,,109.78641664155526,,0.09316202525200591,,-2.821672147149562,,0.09316202525200591,,0.8338821782929541,,0.20698517768348543,,106.9647444944057,,108.95253446285722,,109.78641664155526,,-2.821672147149562,,0.8338821786980475,,0.20698517768348543,0.18802697614393066,0.09316202525200591,0.09316202525200591,,,,,-1.9877899684515143,106.9647444944057,,108.95253446285722,,109.78641664155526,,-2.821672147149562,,0.8338821786980475,
2010-01-01,104.72275342458059,104.72275342458059,,,104.72275342458059,,,104.72275342458059,104.72275342458059,,104.72275342458059,,0.0,,,,0.0,,0.0,,0.0,,0.0,,0.0,,0.0,,0.0,,0.0,,0.0,,0.0,,0.0,,0.0,,0.0,,0.0,,0.0,,0.0,,-1.0464467947293146,,,,,,104.72275342458059,,,109.22412476489265,,0.18802337243978157,,108.67364089489583,,0.09182252753276139,,-3.950887470315232,,0.09182252753276139,,-0.5504838704139039,,0.20647123666539008,,104.72275342458059,,109.22412476489265,,108.67364089489583,,-3.950887470315232,,-0.5504838699968246,,0.20647123666539008,0.18802337243978157,0.09182252753276139,0.09182252753276139,,,,,-4.5013713403120565,104.72275342458059,,109.22412476489265,,108.67364089489583,,-3.950887470315232,,-0.5504838699968246,
2010-04-01,111.80699894114697,111.80699894114697,,,111.80699894114697,,,111.80699894114697,111.80699894114697,,111.80699894114697,,0.0,,,,0.0,,0.0,,0.0,,0.0,,0.0,,0.0,,0.0,,0.0,,0.0,,0.0,,0.0,,0.0,,0.0,,0.0,,0.0,,0.0,,0.0983167335365722,,,,,,111.80699894114697,,,109.46249647070857,,0.18802332928159712,,109.85568146008404,,0.09167559461684678,,1.9513174810629272,,0.09167559461684678,,0.39318498896443577,,0.20640268998399777,,111.80699894114697,,109.46249647070857,,109.85568146008404,,1.9513174810629272,,0.3931849893754702,,0.20640268998399777,0.18802332928159712,0.09167559461684678,0.09167559461684678,,,,,2.3445024704383974,111.80699894114697,,109.46249647070857,,109.85568146008404,,1.9513174810629272,,0.3931849893754702,
2010-07-01,113.99015000309348,113.99015000309348,,,113.99015000309348,,,113.99015000309348,113.99015000309348,,113.99015000309348,,0.0,,,,0.0,,0.0,,0.0,,0.0,,0.0,,0.0,,0.0,,0.0,,0.0,,0.0,,0.0,,0.0,,0.0,,0.0,,0.0,,0.0,,-1.217108435871141,,,,,,113.99015000309348,,,109.80630566263048,,0.18802030165387335,,109.1690501406243,,0.0915784957161245,,4.821099862469184,,0.0915784957161245,,-0.6372555224311733,,0.20637863272429513,,113.99015000309348,,109.80630566263048,,109.1690501406243,,4.821099862469184,,-0.6372555220061855,,0.20637863272429513,0.18802030165387335,0.0915784957161245,0.0915784957161245,,,,,4.183844340462999,113.99015000309348,,109.80630566263048,,109.1690501406243,,4.821099862469184,,-0.6372555220061855,
2010-10-01,107.55769106288325,107.55769106288325,,,107.55769106288325,,,107.55769106288325,107.55769106288325,,107.55769106288325,,0.0,,,,0.0,,0.0,,0.0,,0.0,,0.0,,0.0,,0.0,,0.0,,0.0,,0.0,,0.0,,0.0,,0.0,,0.0,,0.0,,0.0,,0.15547455423306406,,,,,,107.55769106288325,,,110.3021579597274,,0.18802029291543884,,110.37908189278055,,0.09138684302065629,,-2.8213908298973003,,0.09138684302065629,,0.07692393264120712,,0.20629529771469587,,107.55769106288325,,110.3021579597274,,110.37908189278055,,-2.8213908298973003,,0.07692393305315193,,0.20629529771469587,0.18802029291543884,0.09138684302065629,0.09138684302065629,,,,,-2.7444668968441484,107.55769106288325,,110.3021579597274,,110.37908189278055,,-2.8213908298973003,,0.07692393305315193,
2011-01-01,107.21579101599279,107.21579101599279,,,107.21579101599279,,,107.21579101599279,107.21579101599279,,107.21579101599279,,0.0,,,,0.0,,0.0,,0.0,,0.0,,0.0,,0.0,,0.0,,0.0,,0.0,,0.0,,0.0,,0.0,,0.0,,0.0,,0.0,,0.0,,0.3721564596029965,,,,,,107.21579101599279,,,110.80427278994227,,0.18801704045987588,,111.1677684013831,,0.09015502128789114,,-3.951977385390303,,0.09015502128789114,,0.36349561101697014,,0.20582996778698917,,107.21579101599279,,110.80427278994227,,111.1677684013831,,-3.951977385390303,,0.36349561144082543,,0.20582996778698917,0.18801704045987588,0.09015502128789114,0.09015502128789114,,,,,-3.5884817739494776,107.21579101599279,,110.80427278994227,,111.1677684013831,,-3.951977385390303,,0.36349561144082543,
2011-04-01,113.2801572463687,113.2801572463687,,,113.2801572463687,,,113.2801572463687,113.2801572463687,,113.2801572463687,,0.0,,,,0.0,,0.0,,0.0,,0.0,,0.0,,0.0,,0.0,,0.0,,0.0,,0.0,,0.0,,0.0,,0.0,,0.0,,0.0,,0.0,,0.2974341985503176,,,,,,113.2801572463687,,,111.17029727343476,,0.1880170015083031,,111.32770610801737,,0.09001996853975042,,1.952451138351338,,0.09001996853975042,,0.15740883416480744,,0.20576791261660438,,113.2801572463687,,111.17029727343476,,111.32770610801737,,1.952451138351338,,0.15740883458261123,,0.20576791261660438,0.1880170015083031,0.09001996853975042,0.09001996853975042,,,,,2.1098599729339496,113.2801572463687,,111.17029727343476,,111.32770610801737,,1.952451138351338,,0.15740883458261123,
2011-07-01,115.83809850198027,115.83809850198027,,,115.83809850198027,,,115.83809850198027,115.83809850198027,,115.83809850198027,,0.0,,,,0.0,,0.0,,0.0,,0.0,,0.0,,0.0,,0.0,,0.0,,0.0,,0.0,,0.0,,0.0,,0.0,,0.0,,0.0,,0.0,,-0.7664086825288203,,,,,,115.83809850198027,,,111.4680683752934,,0.1880142689844652,,111.01641525234481,,0.08993072810679933,,4.82168324963546,,0.08993072810679933,,-0.45165312338033425,,0.2057461340776373,,115.83809850198027,,111.4680683752934,,111.01641525234481,,4.82168324963546,,-0.45165312294858495,,0.2057461340776373,0.1880142689844652,0.08993072810679933,0.08993072810679933,,,,,4.370030126686875,115.83809850198027,,111.4680683752934,,111.01641525234481,,4.82168324963546,,-0.45165312294858495,
2011-10-01,109.11577581787479,109.11577581787479,,,109.11577581787479,,,109.11577581787479,109.11577581787479,,109.11577581787479,,0.0,,,,0.0,,0.0,,0.0,,0.0,,0.0,,0.0,,0.0,,0.0,,0.0,,0.0,,0.0,,0.0,,0.0,,0.0,,0.0,,0.0,,-0.20899780822600225,,,,,,109.11577581787479,,,111.76132531052659,,0.18801426109777503,,111.93740232262519,,0.08975460418834605,,-2.8216265047504,,0.08975460418834605,,0.17607701167988887,,0.20567069442453195,,109.11577581787479,,111.76132531052659,,111.93740232262519,,-2.8216265047504,,0.17607701209860238,,0.20567069442453195,0.18801426109777503,0.08975460418834605,0.08975460418834605,,,,,-2.6455494926517975,109.11577581787479,,111.76132531052659,,111.93740232262519,,-2.8216265047504,,0.17607701209860238,
2012-01-01,108.71462152131791,108.71462152131791,,,108.71462152131791,,,108.71462152131791,108.71462152131791,,108.71462152131791,,0.0,,,,0.0,,0.0,,0.0,,0.0,,0.0,,0.0,,0.0,,0.0,,0.0,,0.0,,0.0,,0.0,,0.0,,0.0,,0.0,,0.0,,0.18524948028544047,,,,,,108.71462152131791,,,111.92605273660492,,0.18801132566493273,,112.66856217927831,,0.08862316521370828,,-3.9539406579603993,,0.08862316521370828,,0.742509442242796,,0.20524950258531052,,108.71462152131791,,111.92605273660492,,112.66856217927831,,-3.9539406579603993,,0.7425094426733949,,0.20524950258531052,0.18801132566493273,0.08862316521370828,0.08862316521370828,,,,,-3.2114312152870044,108.71462152131791,,111.92605273660492,,112.66856217927831,,-3.9539406579603993,,0.7425094426733949,
2012-04-01,113.275747980905,113.275747980905,,,113.275747980905,,,113.275747980905,113.275747980905,,113.275747980905,,0.0,,,,0.0,,0.0,,0.0,,0.0,,0.0,,0.0,,0.0,,0.0,,0.0,,0.0,,0.0,,0.0,,0.0,,0.0,,0.0,,0.0,,-1.276394688753619,,,,,,113.275747980905,,,111.91478580088878,,0.18801129051007007,,111.32227860524479,,0.08849917945894878,,1.9534693756602093,,0.08849917945894878,,-0.5925071960685337,,0.2051933401895326,,113.275747980905,,111.91478580088878,,111.32227860524479,,1.9534693756602093,,-0.5925071956439893,,0.2051933401895326,0.18801129051007007,0.08849917945894878,0.08849917945894878,,,,,1.36096218001622,113.275747980905,,111.91478580088878,,111.32227860524479,,1.9534693756602093,,-0.5925071956439893,
2012-07-01,116.83173812042295,116.83173812042295,,,116.83173812042295,,,116.83173812042295,116.83173812042295,,116.83173812042295,,0.0,,,,0.0,,0.0,,0.0,,0.0,,0.0,,0.0,,0.0,,0.0,,0.0,,0.0,,0.0,,0.0,,0.0,,0.0,,0.0,,0.0,,-0.770104044212803,,,,,,116.83173812042295,,,111.91762775212396,,0.18800882433414276,,112.00812571272931,,0.088417258651472,,4.823612407693645,,0.088417258651472,,0.09049796016691014,,0.2051736301171991,,116.83173812042295,,111.91762775212396,,112.00812571272931,,4.823612407693645,,0.09049796060534732,,0.2051736301171991,0.18800882433414276,0.088417258651472,0.088417258651472,,,,,4.914110368298992,116.83173812042295,,111.91762775212396,,112.00812571272931,,4.823612407693645,,0.09049796060534732,
2012-10-01,109.14430802064454,109.14430802064454,,,109.14430802064454,,,109.14430802064454,109.14430802064454,,109.14430802064454,,0.0,,,,0.0,,0.0,,0.0,,0.0,,0.0,,0.0,,0.0,,0.0,,0.0,,0.0,,0.0,,0.0,,0.0,,0.0,,0.0,,0.0,,-0.8862301366984517,,,,,,109.14430802064454,,,112.1091574318746,,0.18800881721619878,,111.96631502679348,,0.08825559650185423,,-2.822007006148937,,0.08825559650185423,,-0.14284240550658223,,0.20510535700968574,,109.14430802064454,,112.1091574318746,,111.96631502679348,,-2.822007006148937,,-0.1428424050811259,,0.20510535700968574,0.18800881721619878,0.08825559650185423,0.08825559650185423,,,,,-2.964849411230063,109.14430802064454,,112.1091574318746,,111.96631502679348,,-2.822007006148937,,-0.1428424050811259,
2013-01-01,107.82058185327007,107.82058185327007,,,107.82058185327007,,,107.82058185327007,107.82058185327007,,107.82058185327007,,0.0,,,,0.0,,0.0,,0.0,,0.0,,0.0,,0.0,,0.0,,0.0,,0.0,,0.0,,0.0,,0.0,,0.0,,0.0,,0.0,,0.0,,-1.0337163123516142,,,,,,107.82058185327007,,,112.57938082944554,,0.18800616791336439,,111.77804404380448,,0.08721757019395485,,-3.957462190534412,,0.08721757019395485,,-0.8013367860783456,,0.2047242198013956,,107.82058185327007,,112.57938082944554,,111.77804404380448,,-3.957462190534412,,-0.8013367856410554,,0.2047242198013956,0.18800616791336439,0.08721757019395485,0.08721757019395485,,,,,-4.758798976175467,107.82058185327007,,112.57938082944554,,111.77804404380448,,-3.957462190534412,,-0.8013367856410554,
2013-04-01,115.81360994606752,115.81360994606752,,,115.81360994606752,,,115.81360994606752,115.81360994606752,,115.81360994606752,,0.0,,,,0.0,,0.0,,0.0,,0.0,,0.0,,0.0,,0.0,,0.0,,0.0,,0.0,,0.0,,0.0,,0.0,,0.0,,0.0,,0.0,,1.1720899834419947,,,,,,115.81360994606752,,,113.2287024146113,,0.18800613618523077,,113.85822761747445,,0.0871038751496646,,1.9553823285930592,,0.0871038751496646,,0.6295252024318865,,0.20467340383306912,,115.81360994606752,,113.2287024146113,,113.85822761747445,,1.9553823285930592,,0.6295252028631495,,0.20467340383306912,0.18800613618523077,0.0871038751496646,0.0871038751496646,,,,,2.5849075314562087,115.81360994606752,,113.2287024146113,,113.85822761747445,,1.9553823285930592,,0.6295252028631495,
2013-07-01,118.89930178271037,118.89930178271037,,,118.89930178271037,,,118.89930178271037,118.89930178271037,,118.89930178271037,,0.0,,,,0.0,,0.0,,0.0,,0.0,,0.0,,0.0,,0.0,,0.0,,0.0,,0.0,,0.0,,0.0,,0.0,,0.0,,0.0,,0.0,,0.9417037266639324,,,,,,118.89930178271037,,,113.74182299364256,,0.18800391040185913,,114.07404892161885,,0.08702875966900461,,4.825252861091509,,0.08702875966900461,,0.33222592753121194,,0.20465557038425974,,118.89930178271037,,113.74182299364256,,114.07404892161885,,4.825252861091509,,0.332225927976296,,0.20465557038425974,0.18800391040185913,0.08702875966900461,0.08702875966900461,,,,,5.157478789067805,118.89930178271037,,113.74182299364256,,114.07404892161885,,4.825252861091509,,0.332225927976296,
2013-10-01,111.16574158157644,111.16574158157644,,,111.16574158157644,,,111.16574158157644,111.16574158157644,,111.16574158157644,,0.0,,,,0.0,,0.0,,0.0,,0.0,,0.0,,0.0,,0.0,,0.0,,0.0,,0.0,,0.0,,0.0,,0.0,,0.0,,0.0,,0.0,,-0.0414787526668808,,,,,,111.16574158157644,,,113.9723912217936,,0.18800390397774677,,113.98794076791428,,0.08688054111279826,,-2.8221991863378446,,0.08688054111279826,,0.01554954568853295,,0.2045937988857298,,111.16574158157644,,113.9723912217936,,113.98794076791428,,-2.8221991863378446,,0.015549546120681157,,0.2045937988857298,0.18800390397774677,0.08688054111279826,0.08688054111279826,,,,,-2.8066496402171635,111.16574158157644,,113.9723912217936,,113.98794076791428,,-2.8221991863378446,,0.015549546120681157,
2014-01-01,110.24793332828644,110.24793332828644,,,110.24793332828644,,,110.24793332828644,110.24793332828644,,110.24793332828644,,0.0,,,,0.0,,0.0,,0.0,,0.0,,0.0,,0.0,,0.0,,0.0,,0.0,,0.0,,0.0,,0.0,,0.0,,0.0,,0.0,,0.0,,-0.72324332406834,,,,,,110.24793332828644,,,114.05061752894355,,0.18800151292109493,,114.20744986195227,,0.08592928413887567,,-3.9595165336658305,,0.08592928413887567,,0.1568323325647858,,0.20424899233176172,,110.24793332828644,,114.05061752894355,,114.20744986195227,,-3.9595165336658305,,0.15683233300872246,,0.20424899233176172,0.18800151292109493,0.08592928413887567,0.08592928413887567,,,,,-3.802684200657108,110.24793332828644,,114.05061752894355,,114.20744986195227,,-3.9595165336658305,,0.15683233300872246,
2014-04-01,115.45395421153064,115.45395421153064,,,115.45395421153064,,,115.45395421153064,115.45395421153064,,115.45395421153064,,0.0,,,,0.0,,0.0,,0.0,,0.0,,0.0,,0.0,,0.0,,0.0,,0.0,,0.0,,0.0,,0.0,,0.0,,0.0,,0.0,,0.0,,-1.327889109307619,,,,,,115.45395421153064,,,114.16348881443858,,0.18800148428574556,,113.49775023831381,,0.08582514076833392,,1.9562039732168328,,0.08582514076833392,,-0.6657385765627075,,0.20420302474667307,,115.45395421153064,,114.16348881443858,,113.49775023831381,,1.9562039732168328,,-0.6657385761247667,,0.20420302474667307,0.18800148428574556,0.08582514076833392,0.08582514076833392,,,,,1.290465397092066,115.45395421153064,,114.16348881443858,,113.49775023831381,,1.9562039732168328,,-0.6657385761247667,
2014-07-01,119.7263919303304,119.7263919303304,,,119.7263919303304,,,119.7263919303304,119.7263919303304,,119.7263919303304,,0.0,,,,0.0,,0.0,,0.0,,0.0,,0.0,,0.0,,0.0,,0.0,,0.0,,0.0,,0.0,,0.0,,0.0,,0.0,,0.0,,0.0,,0.17056843634183827,,,,,,119.7263919303304,,,114.34394205306853,,0.1879994754677066,,114.90036525922027,,0.08575634108831971,,4.826026671110132,,0.08575634108831971,,0.5564232056999969,,0.20418689305081505,,119.7263919303304,,114.34394205306853,,114.90036525922027,,4.826026671110132,,0.5564232061517345,,0.20418689305081505,0.1879994754677066,0.08575634108831971,0.08575634108831971,,,,,5.382449877261866,119.7263919303304,,114.34394205306853,,114.90036525922027,,4.826026671110132,,0.5564232061517345,
2014-10-01,111.88429351033064,111.88429351033064,,,111.88429351033064,,,111.88429351033064,111.88429351033064,,111.88429351033064,,0.0,,,,0.0,,0.0,,0.0,,0.0,,0.0,,0.0,,0.0,,0.0,,0.0,,0.0,,0.0,,0.0,,0.0,,0.0,,0.0,,0.0,,-0.21910952600866754,,,,,,111.88429351033064,,,114.48765215572172,,0.18799946966980846,,114.70653899483702,,0.08562059722092043,,-2.8222454845063885,,0.08562059722092043,,0.2188868386764864,,0.20413101709869313,,111.88429351033064,,114.48765215572172,,114.70653899483702,,-2.8222454845063885,,0.21888683911529938,,0.20413101709869313,0.18799946966980846,0.08562059722092043,0.08562059722092043,,,,,-2.603358645391089,111.88429351033064,,114.48765215572172,,114.70653899483702,,-2.8222454845063885,,0.21888683911529938,
2015-01-01,109.73172995045753,109.73172995045753,,,109.73172995045753,,,109.73172995045753,109.73172995045753,,109.73172995045753,,0.0,,,,0.0,,0.0,,0.0,,0.0,,0.0,,0.0,,0.0,,0.0,,0.0,,0.0,,0.0,,0.0,,0.0,,0.0,,0.0,,0.0,,-1.5084276646418326,,,,,,109.73172995045753,,,114.68115691225964,,0.18799946966980846,,113.69293475865214,,0.08562059722092043,,-3.961204808194603,,0.08562059722092043,,-0.988222154058045,,0.20413101709869313,,109.73172995045753,,114.68115691225964,,113.69293475865214,,-3.961204808194603,,-0.9882221536074951,,0.20413101709869313,0.18799946966980846,0.08562059722092043,0.08562059722092043,,,,,-4.949426961802098,109.73172995045753,,114.68115691225964,,113.69293475865214,,-3.961204808194603,,-0.9882221536074951,
2015-04-01,117.52489771707138,117.52489771707138,,,117.52489771707138,,,117.52489771707138,117.52489771707138,,117.52489771707138,,0.0,,,,0.0,,0.0,,0.0,,0.0,,0.0,,0.0,,0.0,,0.0,,0.0,,0.0,,0.0,,0.0,,0.0,,0.0,,0.0,,0.0,,0.37830336887835425,,,,,,117.52489771707138,,,115.04858624396009,,0.1879994754677066,,115.56666654292059,,0.08575634108831971,,1.9582311741507996,,0.08575634108831971,,0.5180802985159236,,0.20418689305081505,,117.52489771707138,,115.04858624396009,,115.56666654292059,,1.9582311741507996,,0.5180802989604985,,0.20418689305081505,0.1879994754677066,0.08575634108831971,0.08575634108831971,,,,,2.476311473111298,117.52489771707138,,115.04858624396009,,115.56666654292059,,1.9582311741507996,,0.5180802989604985,
2015-07-01,120.21927822834851,120.21927822834851,,,120.21927822834851,,,120.21927822834851,120.21927822834851,,120.21927822834851,,0.0,,,,0.0,,0.0,,0.0,,0.0,,0.0,,0.0,,0.0,,0.0,,0.0,,0.0,,0.0,,0.0,,0.0,,0.0,,0.0,,0.0,,0.05102240506148455,,,,,,120.21927822834851,,,115.46489190723307,,0.18800148428574556,,115.39394396637907,,0.08582514076833392,,4.825334261969448,,0.08582514076833392,,-0.070947941312348,,0.20420302474667307,,120.21927822834851,,115.46489190723307,,115.39394396637907,,4.825334261969448,,-0.07094794085399769,,0.20420302474667307,0.18800148428574556,0.08582514076833392,0.08582514076833392,,,,,4.75438632111545,120.21927822834851,,115.46489190723307,,115.39394396637907,,4.825334261969448,,-0.07094794085399769,
2015-10-01,113.2026445779595,113.2026445779595,,,113.2026445779595,,,113.2026445779595,113.2026445779595,,113.2026445779595,,0.0,,,,0.0,,0.0,,0.0,,0.0,,0.0,,0.0,,0.0,,0.0,,0.0,,0.0,,0.0,,0.0,,0.0,,0.0,,0.0,,0.0,,0.33287026053158314,,,,,,113.2026445779595,,,115.81431712350928,,0.18800151292109493,,116.02559292176937,,0.08592928413887567,,-2.8229483438098697,,0.08592928413887567,,0.21127579781463834,,0.20424899233176172,,113.2026445779595,,115.81431712350928,,116.02559292176937,,-2.8229483438098697,,0.2112757982600897,,0.20424899233176172,0.18800151292109493,0.08592928413887567,0.08592928413887567,,,,,-2.61167254554978,113.2026445779595,,115.81431712350928,,116.02559292176937,,-2.8229483438098697,,0.2112757982600897,
2016-01-01,111.86811026145442,111.86811026145442,,,111.86811026145442,,,111.86811026145442,111.86811026145442,,111.86811026145442,,0.0,,,,0.0,,0.0,,0.0,,0.0,,0.0,,0.0,,0.0,,0.0,,0.0,,0.0,,0.0,,0.0,,0.0,,0.0,,0.0,,0.0,,-0.5269318036800246,,,,,,111.86811026145442,,,116.14126241967077,,0.18800390397774677,,115.82884829746395,,0.08688054111279826,,-3.960738036009529,,0.08688054111279826,,-0.3124141226639678,,0.2045937988857298,,111.86811026145442,,116.14126241967077,,115.82884829746395,,-3.960738036009529,,-0.3124141222068175,,0.2045937988857298,0.18800390397774677,0.08688054111279826,0.08688054111279826,,,,,-4.273152158216346,111.86811026145442,,116.14126241967077,,115.82884829746395,,-3.960738036009529,,-0.3124141222068175,
2016-04-01,118.47652720901104,118.47652720901104,,,118.47652720901104,,,118.47652720901104,118.47652720901104,,118.47652720901104,,0.0,,,,0.0,,0.0,,0.0,,0.0,,0.0,,0.0,,0.0,,0.0,,0.0,,0.0,,0.0,,0.0,,0.0,,0.0,,0.0,,0.0,,0.05285941952219519,,,,,,118.47652720901104,,,116.50969939232036,,0.18800391040185913,,116.51729090808556,,0.08702875966900461,,1.9592363009254832,,0.08702875966900461,,0.007591515314032238,,0.20465557038425974,,118.47652720901104,,116.50969939232036,,116.51729090808556,,1.9592363009254832,,0.007591515765199119,,0.20465557038425974,0.18800391040185913,0.08702875966900461,0.08702875966900461,,,,,1.9668278166906823,118.47652720901104,,116.50969939232036,,116.51729090808556,,1.9592363009254832,,0.007591515765199119,
2016-07-01,121.99846041994583,121.99846041994583,,,121.99846041994583,,,121.99846041994583,121.99846041994583,,121.99846041994583,,0.0,,,,0.0,,0.0,,0.0,,0.0,,0.0,,0.0,,0.0,,0.0,,0.0,,0.0,,0.0,,0.0,,0.0,,0.0,,0.0,,0.0,,0.27853119984329455,,,,,,121.99846041994583,,,116.87630884805816,,0.18800613618523077,,117.173981251858,,0.0871038751496646,,4.824479168087837,,0.0871038751496646,,0.2976724033349012,,0.20467340383306912,,121.99846041994583,,116.87630884805816,,117.173981251858,,4.824479168087837,,0.2976724037998366,,0.20467340383306912,0.18800613618523077,0.0871038751496646,0.0871038751496646,,,,,5.122151571887674,121.99846041994583,,116.87630884805816,,117.173981251858,,4.824479168087837,,0.2976724037998366,
2016-10-01,114.31805127455466,114.31805127455466,,,114.31805127455466,,,114.31805127455466,114.31805127455466,,114.31805127455466,,0.0,,,,0.0,,0.0,,0.0,,0.0,,0.0,,0.0,,0.0,,0.0,,0.0,,0.0,,0.0,,0.0,,0.0,,0.0,,0.0,,0.0,,-0.13890307725625256,,,,,,114.31805127455466,,,117.21768168187845,,0.18800616791336439,,117.14222639617081,,0.08721757019395485,,-2.824175121616152,,0.08721757019395485,,-0.07545528615973629,,0.2047242198013956,,114.31805127455466,,117.21768168187845,,117.14222639617081,,-2.824175121616152,,-0.07545528570763338,,0.2047242198013956,0.18800616791336439,0.08721757019395485,0.08721757019395485,,,,,-2.8996304073237855,114.31805127455466,,117.21768168187845,,117.14222639617081,,-2.824175121616152,,-0.07545528570763338,
2017-01-01,113.03289331206305,113.03289331206305,,,113.03289331206305,,,113.03289331206305,113.03289331206305,,113.03289331206305,,0.0,,,,0.0,,0.0,,0.0,,0.0,,0.0,,0.0,,0.0,,0.0,,0.0,,0.0,,0.0,,0.0,,0.0,,0.0,,0.0,,0.0,,-0.6294025016751352,,,,,,113.03289331206305,,,117.64916838585337,,0.18800881721619878,,116.99201924117794,,0.08825559650185423,,-3.9591259291148884,,0.08825559650185423,,-0.6571491451391965,,0.20510535700968574,,113.03289331206305,,117.64916838585337,,116.99201924117794,,-3.9591259291148884,,-0.6571491446754294,,0.20510535700968574,0.18800881721619878,0.08825559650185423,0.08825559650185423,,,,,-4.616275073790318,113.03289331206305,,117.64916838585337,,116.99201924117794,,-3.9591259291148884,,-0.6571491446754294,
2017-04-01,120.72934156285548,120.72934156285548,,,120.72934156285548,,,120.72934156285548,120.72934156285548,,120.72934156285548,,0.0,,,,0.0,,0.0,,0.0,,0.0,,0.0,,0.0,,0.0,,0.0,,0.0,,0.0,,0.0,,0.0,,0.0,,0.0,,0.0,,0.0,,0.9108195358439977,,,,,,120.72934156285548,,,118.19725612916133,,0.18800882433414276,,118.76942739760678,,0.088417258651472,,1.9599141652487073,,0.088417258651472,,0.572171267987696,,0.2051736301171991,,120.72934156285548,,118.19725612916133,,118.76942739760678,,1.9599141652487073,,0.5721712684454445,,0.2051736301171991,0.18800882433414276,0.088417258651472,0.088417258651472,,,,,2.532085433694152,120.72934156285548,,118.19725612916133,,118.76942739760678,,1.9599141652487073,,0.5721712684454445,
2017-07-01,123.58063892774334,123.58063892774334,,,123.58063892774334,,,123.58063892774334,123.58063892774334,,123.58063892774334,,0.0,,,,0.0,,0.0,,0.0,,0.0,,0.0,,0.0,,0.0,,0.0,,0.0,,0.0,,0.0,,0.0,,0.0,,0.0,,0.0,,0.0,,0.3905915133998706,,,,,,123.58063892774334,,,118.72440271212942,,0.18801129051007007,,118.75775183799652,,0.08849917945894878,,4.822887089746816,,0.08849917945894878,,0.03334912539559698,,0.2051933401895326,,123.58063892774334,,118.72440271212942,,118.75775183799652,,4.822887089746816,,0.03334912586710459,,0.2051933401895326,0.18801129051007007,0.08849917945894878,0.08849917945894878,,,,,4.8562362156139205,123.58063892774334,,118.72440271212942,,118.75775183799652,,4.822887089746816,,0.03334912586710459,
2017-10-01,115.91555419262394,115.91555419262394,,,115.91555419262394,,,115.91555419262394,115.91555419262394,,115.91555419262394,,0.0,,,,0.0,,0.0,,0.0,,0.0,,0.0,,0.0,,0.0,,0.0,,0.0,,0.0,,0.0,,0.0,,0.0,,0.0,,0.0,,0.0,,-0.22599861764617843,,,,,,115.91555419262394,,,119.18839619038386,,0.18801132566493273,,118.74081023054994,,0.08862316521370828,,-2.825256037925997,,0.08862316521370828,,-0.44758596029261455,,0.20524950258531052,,115.91555419262394,,119.18839619038386,,118.74081023054994,,-2.825256037925997,,-0.4475859598339156,,0.20524950258531052,0.18801132566493273,0.08862316521370828,0.08862316521370828,,,,,-3.2728419977599126,115.91555419262394,,119.18839619038386,,118.74081023054994,,-2.825256037925997,,-0.4475859598339156,
2018-01-01,116.4153036349866,116.4153036349866,,,116.4153036349866,,,116.4153036349866,116.4153036349866,,116.4153036349866,,0.0,,,,0.0,,0.0,,0.0,,0.0,,0.0,,0.0,,0.0,,0.0,,0.0,,0.0,,0.0,,0.0,,0.0,,0.0,,0.0,,0.0,,0.9250592893635569,,,,,,116.4153036349866,,,119.58921030052736,,0.18801426109777503,,120.37152447120951,,0.08975460418834605,,-3.9562208362229168,,0.08975460418834605,,0.7823141702118326,,0.20567069442453195,,116.4153036349866,,119.58921030052736,,120.37152447120951,,-3.9562208362229168,,0.7823141706821559,,0.20567069442453195,0.18801426109777503,0.08975460418834605,0.08975460418834605,,,,,-3.173906665540761,116.4153036349866,,119.58921030052736,,120.37152447120951,,-3.9562208362229168,,0.7823141706821559,
2018-04-01,121.47019566449285,121.47019566449285,,,121.47019566449285,,,121.47019566449285,121.47019566449285,,121.47019566449285,,0.0,,,,0.0,,0.0,,0.0,,0.0,,0.0,,0.0,,0.0,,0.0,,0.0,,0.0,,0.0,,0.0,,0.0,,0.0,,0.0,,0.0,,-0.4444713959994687,,,,,,121.47019566449285,,,119.90265133656703,,0.1880142689844652,,119.5107052928098,,0.08993072810679933,,1.9594903716830487,,0.08993072810679933,,-0.3919460442215388,,0.2057461340776373,,121.47019566449285,,119.90265133656703,,119.5107052928098,,1.9594903716830487,,-0.39194604375722975,,0.2057461340776373,0.1880142689844652,0.08993072810679933,0.08993072810679933,,,,,1.567544327925819,121.47019566449285,,119.90265133656703,,119.5107052928098,,1.9594903716830487,,-0.39194604375722975,
2018-07-01,124.87793531242312,124.87793531242312,,,124.87793531242312,,,124.87793531242312,124.87793531242312,,124.87793531242312,,0.0,,,,0.0,,0.0,,0.0,,0.0,,0.0,,0.0,,0.0,,0.0,,0.0,,0.0,,0.0,,0.0,,0.0,,0.0,,0.0,,0.0,,-0.3753980067497578,,,,,,124.87793531242312,,,120.2275806230107,,0.1880170015083031,,120.0567506949802,,0.09001996853975042,,4.82118461744293,,0.09001996853975042,,-0.1708299285085862,,0.20576791261660438,,124.87793531242312,,120.2275806230107,,120.0567506949802,,4.82118461744293,,-0.1708299280304999,,0.20576791261660438,0.1880170015083031,0.09001996853975042,0.09001996853975042,,,,,4.65035468941243,124.87793531242312,,120.2275806230107,,120.0567506949802,,4.82118461744293,,-0.1708299280304999,
2018-10-01,118.04285515056522,118.04285515056522,,,118.04285515056522,,,118.04285515056522,118.04285515056522,,118.04285515056522,,0.0,,,,0.0,,0.0,,0.0,,0.0,,0.0,,0.0,,0.0,,0.0,,0.0,,0.0,,0.0,,0.0,,0.0,,0.0,,0.0,,0.0,,0.11347148857575265,,,,,,118.04285515056522,,,120.63734372423482,,0.18801704045987588,,120.86822281138022,,0.09015502128789114,,-2.825367660815007,,0.09015502128789114,,0.23087908668012025,,0.20582996778698917,,118.04285515056522,,120.63734372423482,,120.86822281138022,,-2.825367660815007,,0.2308790871453965,,0.20582996778698917,0.18801704045987588,0.09015502128789114,0.09015502128789114,,,,,-2.5944885736696106,118.04285515056522,,120.63734372423482,,120.86822281138022,,-2.825367660815007,,0.2308790871453965,
2019-01-01,116.89258055704182,116.89258055704182,,,116.89258055704182,,,116.89258055704182,116.89258055704182,,116.89258055704182,,0.0,,,,0.0,,0.0,,0.0,,0.0,,0.0,,0.0,,0.0,,0.0,,0.0,,0.0,,0.0,,0.0,,0.0,,0.0,,0.0,,0.0,,0.03502816368080382,,,,,,116.89258055704182,,,121.11640282350156,,0.18802029291543884,,120.8472712981584,,0.09138684302065629,,-3.9546907411165835,,0.09138684302065629,,-0.2691315258200371,,0.20629529771469587,,116.89258055704182,,121.11640282350156,,120.8472712981584,,-3.9546907411165835,,-0.26913152534315543,,0.20629529771469587,0.18802029291543884,0.09138684302065629,0.09138684302065629,,,,,-4.223822266459739,116.89258055704182,,121.11640282350156,,120.8472712981584,,-3.9546907411165835,,-0.26913152534315543,
2019-04-01,123.48631828530498,123.48631828530498,,,123.48631828530498,,,123.48631828530498,123.48631828530498,,123.48631828530498,,0.0,,,,0.0,,0.0,,0.0,,0.0,,0.0,,0.0,,0.0,,0.0,,0.0,,0.0,,0.0,,0.0,,0.0,,0.0,,0.0,,0.0,,0.18292931115088182,,,,,,123.48631828530498,,,121.65748154185812,,0.18802030165387335,,121.52653965481267,,0.0915784957161245,,1.9597786304923077,,0.0915784957161245,,-0.13094188751632396,,0.20637863272429513,,123.48631828530498,,121.65748154185812,,121.52653965481267,,1.9597786304923077,,-0.13094188704545218,,0.20637863272429513,0.18802030165387335,0.0915784957161245,0.0915784957161245,,,,,1.8288367434468555,123.48631828530498,,121.65748154185812,,121.52653965481267,,1.9597786304923077,,-0.13094188704545218,
2019-07-01,127.62770807721729,127.62770807721729,,,127.62770807721729,,,127.62770807721729,127.62770807721729,,127.62770807721729,,0.0,,,,0.0,,0.0,,0.0,,0.0,,0.0,,0.0,,0.0,,0.0,,0.0,,0.0,,0.0,,0.0,,0.0,,0.0,,0.0,,0.0,,0.9011205411050617,,,,,,127.62770807721729,,,122.22088556473047,,0.18802332928159712,,122.80805548192893,,0.09167559461684678,,4.819652595288367,,0.09167559461684678,,0.5871699167138402,,0.20640268998399777,,127.62770807721729,,122.22088556473047,,122.80805548192893,,4.819652595288367,,0.5871699171984659,,0.20640268998399777,0.18802332928159712,0.09167559461684678,0.09167559461684678,,,,,5.4068225124868325,127.62770807721729,,122.22088556473047,,122.80805548192893,,4.819652595288367,,0.5871699171984659,
2019-10-01,119.10666001288394,119.10666001288394,,,119.10666001288394,,,119.10666001288394,119.10666001288394,,119.10666001288394,,0.0,,,,0.0,,0.0,,0.0,,0.0,,0.0,,0.0,,0.0,,0.0,,0.0,,0.0,,0.0,,0.0,,0.0,,0.0,,0.0,,0.0,,-0.49833055301475,,,,,,119.10666001288394,,,122.82865197053454,,0.18802337243978157,,121.93233616836338,,0.09182252753276139,,-2.825676155479435,,0.09182252753276139,,-0.8963158026429991,,0.20647123666539008,,119.10666001288394,,122.82865197053454,,121.93233616836338,,-2.825676155479435,,-0.8963158021711592,,0.20647123666539008,0.18802337243978157,0.09182252753276139,0.09182252753276139,,,,,-3.7219919576505944,119.10666001288394,,122.82865197053454,,121.93233616836338,,-2.825676155479435,,-0.8963158021711592,
2020-01-01,119.9025006590466,119.9025006590466,,,119.9025006590466,,,119.9025006590466,119.9025006590466,,119.9025006590466,,0.0,,,,0.0,,0.0,,0.0,,0.0,,0.0,,0.0,,0.0,,0.0,,0.0,,0.0,,0.0,,0.0,,0.0,,0.0,,0.0,,0.0,,0.9649962051039315,,,,,,119.9025006590466,,,123.52283774853194,,0.18802697614393066,,123.85554390506208,,0.09316202525200591,,-3.953043246015488,,0.09316202525200591,,0.3327061560467284,,0.20698517768348543,,119.9025006590466,,123.52283774853194,,123.85554390506208,,-3.953043246015488,,0.33270615653013635,,0.20698517768348543,0.18802697614393066,0.09316202525200591,0.09316202525200591,,,,,-3.6203370894853517,119.9025006590466,,123.52283774853194,,123.85554390506208,,-3.953043246015488,,0.33270615653013635,
2020-04-01,126.6048762742248,126.6048762742248,,,126.6048762742248,,,126.6048762742248,126.6048762742248,,126.6048762742248,,0.0,,,,0.0,,0.0,,0.0,,0.0,,0.0,,0.0,,0.0,,0.0,,0.0,,0.0,,0.0,,0.0,,0.0,,0.0,,0.0,,0.0,,1.0922337678964948,,,,,,126.6048762742248,,,124.15271153614343,,0.18802698582606236,,124.64472676966909,,0.0933703219522194,,1.9601495045556954,,0.0933703219522194,,0.4920152330482681,,0.20707720601231244,,126.6048762742248,,124.15271153614343,,124.64472676966909,,1.9601495045556954,,0.4920152335256631,,0.20707720601231244,0.18802698582606236,0.0933703219522194,0.0933703219522194,,,,,2.4521647380813585,126.6048762742248,,124.15271153614343,,124.64472676966909,,1.9601495045556954,,0.4920152335256631,
2020-07-01,129.30216427271773,129.30216427271773,,,129.30216427271773,,,129.30216427271773,129.30216427271773,,129.30216427271773,,0.0,,,,0.0,,0.0,,0.0,,0.0,,0.0,,0.0,,0.0,,0.0,,0.0,,0.0,,0.0,,0.0,,0.0,,0.0,,0.0,,0.0,,0.16135678505668793,,,,,,129.30216427271773,,,124.62326766407651,,0.1880303404160493,,124.48519889276147,,0.09347584239206508,,4.816965379956253,,0.09347584239206508,,-0.13806877180616128,,0.20710377217542514,,129.30216427271773,,124.62326766407651,,124.48519889276147,,4.816965379956253,,-0.1380687713150337,,0.20710377217542514,0.1880303404160493,0.09347584239206508,0.09347584239206508,,,,,4.678896608641219,129.30216427271773,,124.62326766407651,,124.48519889276147,,4.816965379956253,,-0.1380687713150337,
2020-10-01,121.7969943598465,121.7969943598465,,,121.7969943598465,,,121.7969943598465,121.7969943598465,,121.7969943598465,,0.0,,,,0.0,,0.0,,0.0,,0.0,,0.0,,0.0,,0.0,,0.0,,0.0,,0.0,,0.0,,0.0,,0.0,,0.0,,0.0,,0.0,,-0.4676360796153293,,,,,,121.7969943598465,,,125.07503241964027,,0.18803038823496862,,124.62094333185256,,0.09363550506099622,,-2.8239489720060615,,0.09363550506099622,,-0.45408908826608435,,0.20717946580297053,,121.7969943598465,,125.07503241964027,,124.62094333185256,,-2.8239489720060615,,-0.4540890877877075,,0.20717946580297053,0.18803038823496862,0.09363550506099622,0.09363550506099622,,,,,-3.278038059793769,121.7969943598465,,125.07503241964027,,124.62094333185256,,-2.8239489720060615,,-0.4540890877877075,
2021-01-01,122.09483191106722,122.09483191106722,,,122.09483191106722,,,122.09483191106722,122.09483191106722,,122.09483191106722,,0.0,,,,0.0,,0.0,,0.0,,0.0,,0.0,,0.0,,0.0,,0.0,,0.0,,0.0,,0.0,,0.0,,0.0,,0.0,,0.0,,0.0,,0.6616456454710957,,,,,,122.09483191106722,,,125.59361816623652,,0.18803438110583817,,126.04699832147469,,0.09509029057160659,,-3.9521664104074676,,0.09509029057160659,,0.45338015474824833,,0.20774691209046364,,122.09483191106722,,125.59361816623652,,126.04699832147469,,-3.9521664104074676,,0.45338015523816466,,0.20774691209046364,0.18803438110583817,0.09509029057160659,0.09509029057160659,,,,,-3.498786255169303,122.09483191106722,,125.59361816623652,,126.04699832147469,,-3.9521664104074676,,0.45338015523816466,
2021-04-01,127.99462593136727,127.99462593136727,,,127.99462593136727,,,127.99462593136727,127.99462593136727,,127.99462593136727,,0.0,,,,0.0,,0.0,,0.0,,0.0,,0.0,,0.0,,0.0,,0.0,,0.0,,0.0,,0.0,,0.0,,0.0,,0.0,,0.0,,0.0,,0.22807625705273213,,,,,,127.99462593136727,,,126.15227005999554,,0.18803439183353943,,126.03505893770965,,0.09531639399791736,,1.9595669936576172,,0.09531639399791736,,-0.11721112276981072,,0.20784850639266586,,127.99462593136727,,126.15227005999554,,126.03505893770965,,1.9595669936576172,,-0.11721112228589448,,0.20784850639266586,0.18803439183353943,0.09531639399791736,0.09531639399791736,,,,,1.8423558713717227,127.99462593136727,,126.15227005999554,,126.03505893770965,,1.9595669936576172,,-0.11721112228589448,
2021-07-01,131.11365871723015,131.11365871723015,,,131.11365871723015,,,131.11365871723015,131.11365871723015,,131.11365871723015,,0.0,,,,0.0,,0.0,,0.0,,0.0,,0.0,,0.0,,0.0,,0.0,,0.0,,0.0,,0.0,,0.0,,0.0,,0.0,,0.0,,0.0,,-0.17326797444680875,,,,,,131.11365871723015,,,126.8117496969116,,0.1880381086807765,,126.29907406897766,,0.09543092290894943,,4.814584648252488,,0.09543092290894943,,-0.5126756284315417,,0.20787783316261005,,131.11365871723015,,126.8117496969116,,126.29907406897766,,4.814584648252488,,-0.5126756279339446,,0.20787783316261005,0.1880381086807765,0.09543092290894943,0.09543092290894943,,,,,4.3019090203185435,131.11365871723015,,126.8117496969116,,126.29907406897766,,4.814584648252488,,-0.5126756279339446,
2021-10-01,124.85384998582988,124.85384998582988,,,124.85384998582988,,,124.85384998582988,124.85384998582988,,124.85384998582988,,0.0,,,,0.0,,0.0,,0.0,,0.0,,0.0,,0.0,,0.0,,0.0,,0.0,,0.0,,0.0,,0.0,,0.0,,0.0,,0.0,,0.0,,0.8020182792626734,,,,,,124.85384998582988,,,127.57351564193684,,0.188038161663539,,127.67495693466152,,0.09560420076926208,,-2.8211069488316456,,0.09560420076926208,,0.10144129223980114,,0.20796139038967604,,124.85384998582988,,127.57351564193684,,127.67495693466152,,-2.8211069488316456,,0.1014412927246866,,0.20796139038967604,0.188038161663539,0.09560420076926208,0.09560420076926208,,,,,-2.719665656106959,124.85384998582988,,127.57351564193684,,127.67495693466152,,-2.8211069488316456,,0.1014412927246866,
2022-01-01,125.24230348019827,125.24230348019827,,,125.24230348019827,,,125.24230348019827,125.24230348019827,,125.24230348019827,,0.0,,,,0.0,,0.0,,0.0,,0.0,,0.0,,0.0,,0.0,,0.0,,0.0,,0.0,,0.0,,0.0,,0.0,,0.0,,0.0,,0.0,,1.7317802653565686,,,,,,125.24230348019827,,,128.212887330804,,0.18804258570922308,,129.19494203748417,,0.09718219941900194,,-3.9526385572858826,,0.09718219941900194,,0.9820547061837632,,0.20858769039135586,,125.24230348019827,,128.212887330804,,129.19494203748417,,-3.9526385572858826,,0.9820547066801737,,0.20858769039135586,0.18804258570922308,0.09718219941900194,0.09718219941900194,,,,,-2.970583850605709,125.24230348019827,,128.212887330804,,129.19494203748417,,-3.9526385572858826,,0.9820547066801737,
2022-04-01,129.98673105375096,129.98673105375096,,,129.98673105375096,,,129.98673105375096,129.98673105375096,,129.98673105375096,,0.0,,,,0.0,,0.0,,0.0,,0.0,,0.0,,0.0,,0.0,,0.0,,0.0,,0.0,,0.0,,0.0,,0.0,,0.0,,0.0,,0.0,,-0.43262606990433583,,,,,,129.98673105375096,,,128.6329692469047,,0.188042597595354,,128.02748268340204,,0.09742731902281877,,1.959248370348926,,0.09742731902281877,,-0.6054865639930613,,0.20869980379126182,,129.98673105375096,,128.6329692469047,,128.02748268340204,,1.959248370348926,,-0.6054865635026658,,0.20869980379126182,0.188042597595354,0.09742731902281877,0.09742731902281877,,,,,1.3537618068462602,129.98673105375096,,128.6329692469047,,128.02748268340204,,1.959248370348926,,-0.6054865635026658,
2022-07-01,133.6179442396033,133.6179442396033,,,133.6179442396033,,,133.6179442396033,133.6179442396033,,133.6179442396033,,0.0,,,,0.0,,0.0,,0.0,,0.0,,0.0,,0.0,,0.0,,0.0,,0.0,,0.0,,0.0,,0.0,,0.0,,0.0,,0.0,,0.0,,-0.45553118807259396,,,,,,133.6179442396033,,,129.03320402415338,,0.18804671580153387,,128.80452644448434,,0.09755146681396425,,4.813417795118966,,0.09755146681396425,,-0.22867758017308598,,0.2087321660522405,,133.6179442396033,,129.03320402415338,,128.80452644448434,,4.813417795118966,,-0.22867757966903923,,0.2087321660522405,0.18804671580153387,0.09755146681396425,0.09755146681396425,,,,,4.584740215449926,133.6179442396033,,129.03320402415338,,128.80452644448434,,4.813417795118966,,-0.22867757966903923,
2022-10-01,127.25053745244465,127.25053745244465,,,127.25053745244465,,,127.25053745244465,127.25053745244465,,127.25053745244465,,0.0,,,,0.0,,0.0,,0.0,,0.0,,0.0,,0.0,,0.0,,0.0,,0.0,,0.0,,0.0,,0.0,,0.0,,0.0,,0.0,,0.0,,0.6314899156097104,,,,,,127.25053745244465,,,129.4952378544981,,0.1880467745055079,,130.06899368605866,,0.09773928058046863,,-2.818456233614004,,0.09773928058046863,,0.573755831069152,,0.20882436946034671,,127.25053745244465,,129.4952378544981,,130.06899368605866,,-2.818456233614004,,0.5737558315605611,,0.20882436946034671,0.1880467745055079,0.09773928058046863,0.09773928058046863,,,,,-2.244700402053443,127.25053745244465,,129.4952378544981,,130.06899368605866,,-2.818456233614004,,0.5737558315605611,
2023-01-01,125.52685142957547,125.52685142957547,,,125.52685142957547,,,125.52685142957547,125.52685142957547,,125.52685142957547,,0.0,,,,0.0,,0.0,,0.0,,0.0,,0.0,,0.0,,0.0,,0.0,,0.0,,0.0,,0.0,,0.0,,0.0,,0.0,,0.0,,0.0,,-0.3254033606780888,,,,,,125.52685142957547,,,129.95348223148955,,0.18805167626444308,,129.48205290119756,,0.09944872629345569,,-3.955201471622104,,0.09944872629345569,,-0.47142933079478977,,0.20951536027005463,,125.52685142957547,,129.95348223148955,,129.48205290119756,,-3.955201471622104,,-0.47142933029198275,,0.20951536027005463,0.18805167626444308,0.09944872629345569,0.09944872629345569,,,,,-4.4266308019140865,125.52685142957547,,129.95348223148955,,129.48205290119756,,-3.955201471622104,,-0.47142933029198275,
2023-04-01,132.55792602943833,132.55792602943833,,,132.55792602943833,,,132.55792602943833,132.55792602943833,,132.55792602943833,,0.0,,,,0.0,,0.0,,0.0,,0.0,,0.0,,0.0,,0.0,,0.0,,0.0,,0.0,,0.0,,0.0,,0.0,,0.0,,0.0,,0.0,,0.2806030008547194,,,,,,132.55792602943833,,,130.4088008279062,,0.1880516894340346,,130.597628845682,,0.09971411754010956,,1.960297183756319,,0.09971411754010956,,0.1888280172789849,,0.20963903234860984,,132.55792602943833,,130.4088008279062,,130.597628845682,,1.960297183756319,,0.18882801777581903,,0.20963903234860984,0.1880516894340346,0.09971411754010956,0.09971411754010956,,,,,2.1491252015321383,132.55792602943833,,130.4088008279062,,130.597628845682,,1.960297183756319,,0.18882801777581903,
2023-07-01,135.69586165006294,135.69586165006294,,,135.69586165006294,,,135.69586165006294,135.69586165006294,,135.69586165006294,,0.0,,,,0.0,,0.0,,0.0,,0.0,,0.0,,0.0,,0.0,,0.0,,0.0,,0.0,,0.0,,0.0,,0.0,,0.0,,0.0,,0.0,,0.013901095482133372,,,,,,135.69586165006294,,,130.83889179091778,,0.18805625231736764,,130.88285562138498,,0.09984851774095217,,4.813006028677972,,0.09984851774095217,,0.04396382995675274,,0.20967472988426172,,135.69586165006294,,130.83889179091778,,130.88285562138498,,4.813006028677972,,0.043963830467191656,,0.20967472988426172,0.18805625231736764,0.09984851774095217,0.09984851774095217,,,,,4.856969859145163,135.69586165006294,,130.83889179091778,,130.88285562138498,,4.813006028677972,,0.043963830467191656,
2023-10-01,128.6057199882577,128.6057199882577,,,128.6057199882577,,,128.6057199882577,128.6057199882577,,128.6057199882577,,0.0,,,,0.0,,0.0,,0.0,,0.0,,0.0,,0.0,,0.0,,0.0,,0.0,,0.0,,0.0,,0.0,,0.0,,0.0,,0.0,,0.0,,0.3020816417771351,,,,,,128.6057199882577,,,131.22138379516747,,0.18805631736002265,,131.4227470218455,,0.10005182287459644,,-2.8170270335878063,,0.10005182287459644,,0.20136322618021052,,0.20977643285679795,,128.6057199882577,,131.22138379516747,,131.4227470218455,,-2.8170270335878063,,0.20136322667804052,,0.20977643285679795,0.18805631736002265,0.10005182287459644,0.10005182287459644,,,,,-2.6156638069097657,128.6057199882577,,131.22138379516747,,131.4227470218455,,-2.8170270335878063,,0.20136322667804052,
2024-01-01,127.10542015047737,127.10542015047737,,,127.10542015047737,,,127.10542015047737,127.10542015047737,,127.10542015047737,,0.0,,,,0.0,,0.0,,0.0,,0.0,,0.0,,0.0,,0.0,,0.0,,0.0,,0.0,,0.0,,0.0,,0.0,,0.0,,0.0,,0.0,,-0.7684417174150159,,,,,,127.10542015047737,,,131.6346604720369,,0.1880617483886132,,131.06231512556963,,0.10190125384569754,,-3.956894975092257,,0.10190125384569754,,-0.5723453469764943,,0.21053847568025993,,127.10542015047737,,131.6346604720369,,131.06231512556963,,-3.956894975092257,,-0.572345346467273,,0.21053847568025993,0.1880617483886132,0.10190125384569754,0.10190125384569754,,,,,-4.52924032155953,127.10542015047737,,131.6346604720369,,131.06231512556963,,-3.956894975092257,,-0.572345346467273,
2024-04-01,134.44772679400523,134.44772679400523,,,134.44772679400523,,,134.44772679400523,134.44772679400523,,134.44772679400523,,0.0,,,,0.0,,0.0,,0.0,,0.0,,0.0,,0.0,,0.0,,0.0,,0.0,,0.0,,0.0,,0.0,,0.0,,0.0,,0.0,,0.0,,0.48868687338544714,,,,,,134.44772679400523,,,132.1529354015109,,0.18860595583773715,,132.4867678915149,,0.10218775007684715,,1.9609589024903564,,0.10218775007684715,,0.3338324895007676,,0.2106441262118423,,134.44772679400523,,132.1529354015109,,132.4867678915149,,1.9609589024903564,,0.3338324900039993,,0.2106441262118423,0.18860595583773715,0.10218775007684715,0.10218775007684715,,,,,2.2947913924943557,134.44772679400523,,132.1529354015109,,132.4867678915149,,1.9609589024903564,,0.3338324900039993,
2024-07-01,137.30766883865073,137.30766883865073,,,137.30766883865073,,,137.30766883865073,137.30766883865073,,137.30766883865073,,0.0,,,,0.0,,0.0,,0.0,,0.0,,0.0,,0.0,,0.0,,0.0,,0.0,,0.0,,0.0,,0.0,,0.0,,0.0,,0.0,,0.0,,0.03826360837817029,,,,,,137.30766883865073,,,132.7230105687509,,0.20283060208985385,,132.49505431281838,,0.10233185306548227,,4.812614525832336,,0.10233185306548227,,-0.22795625644929934,,0.2217166640959649,,137.30766883865073,,132.7230105687509,,132.49505431281838,,4.812614525832336,,-0.22795625593252566,,0.2217166640959649,0.20283060208985385,0.10233185306548227,0.10233185306548227,,,,,4.58465826989981,137.30766883865073,,132.7230105687509,,132.49505431281838,,4.812614525832336,,-0.22795625593252566,
2024-10-01,130.73962501544423,130.73962501544423,,,130.73962501544423,,,130.73962501544423,130.73962501544423,,130.73962501544423,,0.0,,,,0.0,,0.0,,0.0,,0.0,,0.0,,0.0,,0.0,,0.0,,0.0,,0.0,,0.0,,0.0,,0.0,,0.0,,0.0,,0.0,,0.7014245456068356,,,,,,130.73962501544423,,,133.26017233273012,,0.27800611426913524,,133.55594150241748,,0.10255206570183051,,-2.816316486973239,,0.10255206570183051,,0.2957691691831409,,0.2877436691156799,,130.73962501544423,,133.26017233273012,,133.55594150241748,,-2.816316486973239,,0.295769169687361,,0.2877436691156799,0.27800611426913524,0.10255206570183051,0.10255206570183051,,,,,-2.520547317285878,130.73962501544423,,133.26017233273012,,133.55594150241748,,-2.816316486973239,,0.295769169687361,
2025-01-01,,,129.73304290145427,0.7138706451016141,,129.73304290145427,0.7138706451016141,,,129.73304290145427,,129.73304290145427,,0.0,129.73304290145427,,,0.0,,0.0,,0.0,,0.0,,0.0,,0.0,,0.0,,0.0,,0.0,,0.0,,0.0,,0.0,,0.0,,0.0,,0.0,,0.0,,129.73304290145427,,129.73304290145427,,0.7138706451016141,,129.71098488679473,0.646299676693576,,133.72840052714034,,0.4110941932358745,,133.66821387291506,,0.6377923541826176,,-3.9572289861203274,,0.10451882624874519,,-0.06018665474084983,,0.48762757442699134,,129.71098488679473,,133.72840052714034,,133.66821387291506,,-3.9572289861203274,,-0.06018665422527647,,,,,0.48762757442699134,0.4110941932358745,0.10451882624874519,0.6377923541826176,,,129.73304290145427,,133.72840052714034,,133.66821387291506,,-3.9572289861203274,,-0.06018665422527647
2025-04-01,,,136.02339642970364,0.7393954075445127,,136.02339642970364,0.7393954075445127,,,136.02339642970364,,136.02339642970364,,0.0,136.02339642970364,,,0.0,,0.0,,0.0,,0.0,,0.0,,0.0,,0.0,,0.0,,0.0,,0.0,,0.0,,0.0,,0.0,,0.0,,0.0,,0.0,,136.02339642970364,,136.02339642970364,,0.7393954075445127,,136.07518255331064,0.7478207155238891,,134.1579897689613,,0.5378808954295832,,134.11430711358122,,0.740437559502449,,1.9608754397294317,,0.10482386677049561,,-0.04368265588967035,,0.5088535367409885,,136.07518255331064,,134.1579897689613,,134.11430711358122,,1.9608754397294317,,-0.043682655380081314,,,,,0.5088535367409885,0.5378808954295832,0.10482386677049561,0.740437559502449,,,136.02339642970364,,134.1579897689613,,134.11430711358122,,1.9608754397294317,,-0.043682655380081314
2025-07-01,,,139.4340766753411,0.809551034776516,,139.4340766753411,0.809551034776516,,,139.4340766753411,,139.4340766753411,,0.0,139.4340766753411,,,0.0,,0.0,,0.0,,0.0,,0.0,,0.0,,0.0,,0.0,,0.0,,0.0,,0.0,,0.0,,0.0,,0.0,,0.0,,0.0,,139.4340766753411,,139.4340766753411,,0.809551034776516,,139.45263618866286,0.8263246417302537,,134.58757901078127,,0.6423808169439239,,134.63998309898196,,0.8196302853626929,,4.812653089680895,,0.10496956152572412,,0.05240408767759469,,0.5090586318943883,,139.45263618866286,,134.58757901078127,,134.63998309898196,,4.812653089680895,,0.05240408820068865,,,,,0.5090586318943883,0.6423808169439239,0.10496956152572412,0.8196302853626929,,,139.4340766753411,,134.58757901078127,,134.63998309898196,,4.812653089680895,,0.05240408820068865
2025-10-01,,,132.12920518000877,0.9059512824295844,,132.12920518000877,0.9059512824295844,,,132.12920518000877,,132.12920518000877,,0.0,132.12920518000877,,,0.0,,0.0,,0.0,,0.0,,0.0,,0.0,,0.0,,0.0,,0.0,,0.0,,0.0,,0.0,,0.0,,0.0,,0.0,,0.0,,132.12920518000877,,132.12920518000877,,0.9059512824295844,,132.1774959518126,0.9015903428741687,,135.0171682525995,,0.7341986336377764,,134.99379549510112,,0.895433938198604,,-2.8162995432885287,,0.1051817887568943,,-0.02337275800892069,,0.5125956535538353,,132.1774959518126,,135.0171682525995,,134.99379549510112,,-2.8162995432885287,,-0.02337275749837886,,,,,0.5125956535538353,0.7341986336377764,0.1051817887568943,0.895433938198604,,,132.12920518000877,,135.0171682525995,,134.99379549510112,,-2.8162995432885287,,-0.02337275749837886
2026-01-01,,,,,,,,,,,,,,,,,,,,,,,,,,,,,,,,,,,,,,,,,,,,,,,,,,131.47288357938766,,131.47288357938766,,0.9675475250255354,,,,,,,,,,,,,,,,,,,,,,,,,,,,,,,,,,,,,,,,,,,,,,,,
2026-04-01,,,,,,,,,,,,,,,,,,,,,,,,,,,,,,,,,,,,,,,,,,,,,,,,,,137.75862610371507,,137.75862610371507,,1.0329593491999451,,,,,,,,,,,,,,,,,,,,,,,,,,,,,,,,,,,,,,,,,,,,,,,,
2026-07-01,,,,,,,,,,,,,,,,,,,,,,,,,,,,,,,,,,,,,,,,,,,,,,,,,,141.0533036055354,,141.0533036055354,,1.0963808852127759,,,,,,,,,,,,,,,,,,,,,,,,,,,,,,,,,,,,,,,,,,,,,,,,
2026-10-01,,,,,,,,,,,,,,,,,,,,,,,,,,,,,,,,,,,,,,,,,,,,,,,,,,133.8346963420821,,133.8346963420821,,1.152194155413497,,,,,,,,,,,,,,,,,,,,,,,,,,,,,,,,,,,,,,,,,,,,,,,,
